tester_index, tester_config,loadboard_type, setup_change,Package,apu_tester,package_type,package_size,device_name,Completion_Time
"11","ETS-2-64","6575577B","","3X3","11","","","PS62134DRGTR-L","09/17/2015 20:31:45"
"11","ETS-2-64","6575577B","","3X3","11","","","PS62134DRGTR-L","09/18/2015 02:03:54"
"11","ETS-2-64","6575577B","","3X3","11","","","PS62134DRGTR-L","09/18/2015 04:00:44"
"11","ETS-2-64","6575577B","","3X3","11","","","PS62134DRGTR-L","09/18/2015 06:18:55"
"11","ETS-2-64","6575577B","","3X3","11","","","S62134ARGTR1-L","09/18/2015 09:04:39"
"11","ETS-2-64","6575577B","","3X3","11","","","S62134ARGTR1-L","09/18/2015 12:50:05"
"11","ETS-2-64","6575577B","","3X3","11","","","S62134ARGTR1-L","09/18/2015 16:35:32"
"11","ETS-2-64","6575577B","","3X3","11","","","S62134ARGTR1-L","09/18/2015 20:20:50"
"11","ETS-2-64","6575577B","","3X3","11","","","S62134CRGTR1-L","09/19/2015 00:12:15"
"11","ETS-2-64","6555466B","setup change","6X6","11","","","PS65154RSLR-G2","09/19/2015 01:53:59"
"11","ETS-2-64","6574499A","setup change","2X2","11","","","S61291DRVR-G2K","09/19/2015 02:49:31"
"11","ETS-2-64","No_Tooling","setup change","8X8","11","","","50842A0RSKR-G2","09/19/2015 05:13:01"
"11","ETS-2-64","6515577B","setup change","5.5X3.5","11","","","BQ24170RGYR-G2","09/19/2015 08:39:38"
"12","ETS-S-64","No_Tooling","","3X3","12","","","A2314AIDRBR-CK","09/17/2015 20:31:22"
"12","ETS-S-64","No_Tooling","","3X3","12","","","A2314AIDRBR-CK","09/18/2015 05:34:08"
"12","ETS-S-64","No_Tooling","","3X3","12","","","A2314AIDRBR-CK","09/18/2015 16:38:24"
"12","ETS-S-64","No_Tooling","","3X3","12","","","A2314AIDRBR-CK","09/19/2015 03:40:41"
"12","ETS-S-64","6513992B","setup change","3X3","12","","","S62130ARGTRS-L","09/19/2015 09:21:40"
"13","ETS-1-64","6516230D","","3X3","13","","","S51200DRCR-G2Y","09/17/2015 23:00:04"
"13","ETS-1-64","6516230D","","3X3","13","","","S51200DRCR-G2Y","09/18/2015 12:30:06"
"13","ETS-1-64","6516230D","","3X3","13","","","S51200DRCR-G2Y","09/19/2015 02:00:17"
"13","ETS-1-64","6504079A","setup change","2X2","13","","","PS61161DRVR-LK","09/19/2015 03:41:23"
"13","ETS-1-64","6504079A","","2X2","13","","","PS61161DRVR-LK","09/19/2015 06:25:26"
"14","ETS-2-64","6520958B","","4.0X3.5","14","","","PS53317RGBR-G2","09/17/2015 12:20:11"
"14","ETS-2-64","6520958B","","4.0X3.5","14","","","PS53317RGBR-G2","09/17/2015 14:23:59"
"14","ETS-2-64","6520958B","","4.0X3.5","14","","","PS53317RGBR-G2","09/17/2015 18:36:23"
"14","ETS-2-64","6520958B","","4.0X3.5","14","","","PS53317RGBR-G2","09/17/2015 22:48:48"
"14","ETS-2-64","6520958B","","4.0X3.5","14","","","PS53317RGBR-G2","09/18/2015 03:00:32"
"14","ETS-2-64","6520958B","","4.0X3.5","14","","","PS53317RGBR-G2","09/18/2015 06:18:22"
"14","ETS-2-64","6520958B","","4.0X3.5","14","","","PS53317RGBR-G2","09/18/2015 10:30:51"
"14","ETS-2-64","6520958B","","4.0X3.5","14","","","PS53317RGBR-G2","09/18/2015 14:43:36"
"14","ETS-2-64","6520958B","","4.0X3.5","14","","","PS53317RGBR-G2","09/18/2015 18:30:46"
"14","ETS-2-64","6520958B","","4.0X3.5","14","","","PS53317RGBR-G2","09/18/2015 22:43:24"
"14","ETS-2-64","6520958B","","4.0X3.5","14","","","PS53317RGBR-G2","09/19/2015 01:44:32"
"14","ETS-2-64","6520958B","","4.0X3.5","14","","","PS53317RGBR-G2","09/19/2015 03:50:53"
"14","ETS-2-64","6520958B","","4.0X3.5","14","","","TPS53317RGBR-L","09/19/2015 07:34:59"
"15","ETS-S-64","6518233A","","5X5","15","","","PS65023RSBR1-R","09/17/2015 15:16:15"
"15","ETS-S-64","6518233A","","5X5","15","","","PS65023RSBR1-R","09/17/2015 17:05:42"
"15","ETS-S-64","6518233A","","5X5","15","","","PS65023RSBR1-R","09/17/2015 18:53:50"
"15","ETS-S-64","6518233A","","5X5","15","","","PS65023RSBR1-R","09/17/2015 21:45:26"
"15","ETS-S-64","6518233A","","5X5","15","","","PS65023RSBR1-R","09/17/2015 23:35:35"
"15","ETS-S-64","6518233A","","5X5","15","","","PS65023RSBR1-R","09/18/2015 01:13:58"
"15","ETS-S-64","6518233A","","5X5","15","","","PS65023RSBR1-R","09/18/2015 03:46:37"
"15","ETS-S-64","6518233A","","5X5","15","","","PS65023RSBR1-R","09/18/2015 07:26:46"
"15","ETS-S-64","6484527A","setup change","5X5","15","","","S650240RHBR1-R","09/18/2015 10:42:29"
"15","ETS-S-64","6484527A","","5X5","15","","","S650240RHBR1-R","09/18/2015 17:01:32"
"17","ETS-0-64","6522803A","","3X3","17","","","4519RTER1-RQR&","09/17/2015 13:16:28"
"17","ETS-0-64","6522803A","","3X3","17","","","4519RTER1-RQR&","09/17/2015 18:16:53"
"17","ETS-0-64","6522803A","","3X3","17","","","TPS54519RTER-R","09/17/2015 21:18:22"
"17","ETS-0-64","6522803A","","3X3","17","","","TPS54719RTER-R","09/18/2015 02:50:49"
"17","ETS-0-64","6555551A","setup change","5X5","17","","","7A8300RGWT-G2K","09/18/2015 04:46:13"
"17","ETS-0-64","6555551A","","5X5","17","","","7A8300RGWT-G2K","09/18/2015 06:56:45"
"17","ETS-0-64","6555551A","","5X5","17","","","7A8300RGWT-G2K","09/18/2015 10:39:20"
"17","ETS-0-64","6525239A","setup change","3X3","17","","","TPS55330RTET-L","09/18/2015 13:49:05"
"17","ETS-0-64","6525239A","","3X3","17","","","TPS55330RTET-L","09/18/2015 19:34:25"
"17","ETS-0-64","6525239A","","3X3","17","","","55340QRTERQ1-L","09/19/2015 01:06:16"
"17","ETS-0-64","6525239A","","3X3","17","","","55340QRTERQ1-L","09/19/2015 09:02:31"
"18","ETS-2-64","6575257C","","6X5","18","","","D95373BQ5M1-LN","09/17/2015 11:28:25"
"18","ETS-2-64","6575257C","","6X5","18","","","D95373BQ5M1-LN","09/17/2015 13:26:32"
"18","ETS-2-64","6462654A","setup change","3X3","18","","","A6204A1DRBR-UC","09/17/2015 14:23:06"
"18","ETS-2-64","6462654A","","3X3","18","","","A6204A1DRBR-UC","09/17/2015 15:14:41"
"18","ETS-2-64","6462654A","","3X3","18","","","A6204A1DRBR-UC","09/17/2015 16:06:25"
"18","ETS-2-64","6462654A","","3X3","18","","","A6204A1DRBR-UC","09/17/2015 16:58:27"
"18","ETS-2-64","6462654A","","3X3","18","","","A6204A1DRBR-UC","09/17/2015 17:50:35"
"18","ETS-2-64","6462654A","","3X3","18","","","A6204A1DRBR-UC","09/17/2015 19:09:07"
"18","ETS-2-64","6462654A","","3X3","18","","","A6204A1DRBR-UC","09/17/2015 20:27:45"
"18","ETS-2-64","6462654A","","3X3","18","","","A6204A1DRBR-UC","09/17/2015 21:46:22"
"18","ETS-2-64","6462654A","","3X3","18","","","A6204A1DRBR-UC","09/17/2015 23:05:07"
"18","ETS-2-64","6462654A","","3X3","18","","","A6204A1DRBR-UC","09/18/2015 00:23:53"
"18","ETS-2-64","6462654A","","3X3","18","","","A6204A1DRBR-UC","09/18/2015 01:42:39"
"18","ETS-2-64","6462654A","","3X3","18","","","A6204A1DRBR-UC","09/18/2015 03:01:29"
"18","ETS-2-64","6462654A","","3X3","18","","","A6204A1DRBR-UC","09/18/2015 04:20:21"
"18","ETS-2-64","6547181A","setup change","3X3","18","","","2592ZADRCR-G2K","09/18/2015 07:36:46"
"18","ETS-2-64","6547181A","","3X3","18","","","2592ZADRCR-G2K","09/18/2015 10:47:58"
"18","ETS-2-64","6547181A","","3X3","18","","","2592BADRCR-G2K","09/18/2015 14:38:39"
"18","ETS-2-64","6547181A","","3X3","18","","","2592ZADRCR-G2K","09/18/2015 21:04:41"
"18","ETS-2-64","6547181A","","3X3","18","","","2592BADRCR-G2K","09/19/2015 02:57:22"
"18","ETS-2-64","6547181A","","3X3","18","","","2592ZADRCR-G2K","09/19/2015 09:23:15"
"19","ETS-S-64","No_Tooling","","3X3","19","","","A2314AIDRBR-CK","09/17/2015 20:32:25"
"19","ETS-S-64","No_Tooling","","3X3","19","","","A2314AIDRBR-CK","09/18/2015 07:36:21"
"19","ETS-S-64","No_Tooling","","3X3","19","","","A2314AIDRBR-CK","09/18/2015 18:39:36"
"19","ETS-S-64","No_Tooling","","3X3","19","","","A2314AIDRBR-CK","09/19/2015 05:42:48"
"20","ETS-S-64","No_Tooling","","3X3","20","","","A2314AIDRBR-CK","09/17/2015 20:29:53"
"20","ETS-S-64","No_Tooling","","3X3","20","","","A2314AIDRBR-CK","09/18/2015 07:32:56"
"20","ETS-S-64","No_Tooling","","3X3","20","","","A2314AIDRBR-CK","09/18/2015 18:32:27"
"20","ETS-S-64","No_Tooling","","3X3","20","","","A2314AIDRBR-CK","09/19/2015 03:33:47"
"20","ETS-S-64","6514765A","setup change","2X2","20","","","S60151DRVR-G2K","09/19/2015 05:25:21"
"20","ETS-S-64","6519267C","setup change","7X7","20","","","FE030AIRGZR-CK","09/19/2015 07:52:07"
"22","ETS-0-64","6513992A","","3X3","22","","","62150BRGTR-OLY","09/17/2015 22:56:57"
"22","ETS-0-64","6513992A","","3X3","22","","","62152QRGTRQ1-L","09/18/2015 02:38:48"
"22","ETS-0-64","6513992A","","3X3","22","","","6215AQRGTRQ1-L","09/18/2015 13:34:30"
"22","ETS-0-64","6513992A","","3X3","22","","","V62150ARGTR-LY","09/18/2015 15:56:35"
"22","ETS-0-64","6511094C","setup change","3X3","22","","","CC24610DRBR-GK","09/18/2015 17:53:38"
"22","ETS-0-64","6511094C","","3X3","22","","","CC24610DRBR-GK","09/18/2015 19:41:12"
"22","ETS-0-64","6511094C","","3X3","22","","","CC24610DRBR-CK","09/18/2015 23:15:25"
"22","ETS-0-64","6511094C","","3X3","22","","","CC24610DRBR-CK","09/19/2015 02:50:03"
"22","ETS-0-64","6511094C","","3X3","22","","","CC24610DRBR-GK","09/19/2015 08:31:51"
"23","ETS-2-64","6525585A","","4X4","23","","","BQ24190RGER-RY","09/17/2015 13:29:46"
"23","ETS-2-64","6525585A","","4X4","23","","","BQ24195RGER-RY","09/17/2015 17:27:13"
"23","ETS-2-64","6525585A","","4X4","23","","","BQ24195RGER-RY","09/17/2015 20:12:43"
"23","ETS-2-64","6525585A","","4X4","23","","","BQ24196RGER-RY","09/17/2015 23:26:03"
"23","ETS-2-64","6525585A","","4X4","23","","","BQ24196RGER-RY","09/18/2015 05:26:05"
"23","ETS-2-64","6525585A","","4X4","23","","","BQ24196RGER-RY","09/18/2015 06:43:31"
"23","ETS-2-64","6525585A","","4X4","23","","","BQ24196RGER-RY","09/18/2015 08:13:58"
"23","ETS-2-64","6525585A","","4X4","23","","","BQ24196RGER-RY","09/18/2015 12:08:58"
"23","ETS-2-64","6525585A","","4X4","23","","","BQ24196RGER-RY","09/18/2015 15:47:24"
"23","ETS-2-64","6525585A","","4X4","23","","","BQ24196RGER-RY","09/18/2015 19:18:20"
"23","ETS-2-64","6525585A","","4X4","23","","","BQ24196RGER-RY","09/18/2015 22:58:34"
"23","ETS-2-64","6525585A","","4X4","23","","","BQ24196RGER-RY","09/19/2015 02:51:09"
"23","ETS-2-64","6525585A","","4X4","23","","","BQ24196RGER-RY","09/19/2015 05:03:44"
"23","ETS-2-64","6525585A","","4X4","23","","","Q24296MRGER-G2","09/19/2015 07:57:18"
"24","ETS-2-64","6541602C","","4X4","24","","","THS6187IRTJR-B","09/17/2015 17:32:57"
"24","ETS-2-64","6541602C","","4X4","24","","","THS6187IRTJR-B","09/17/2015 22:09:31"
"24","ETS-2-64","6541602C","","4X4","24","","","THS6187IRTJR-B","09/17/2015 23:33:13"
"24","ETS-2-64","6541602C","","4X4","24","","","THS6187IRTJR-B","09/18/2015 01:19:16"
"24","ETS-2-64","6541602C","","4X4","24","","","THS6187IRTJR-B","09/18/2015 04:20:18"
"24","ETS-2-64","6541602C","","4X4","24","","","THS6187IRTJR-B","09/18/2015 07:02:24"
"24","ETS-2-64","6541602C","","4X4","24","","","THS6187IRTJR-B","09/18/2015 08:32:35"
"24","ETS-2-64","6541602C","","4X4","24","","","THS6187IRTJR-B","09/18/2015 11:26:00"
"24","ETS-2-64","6541602C","","4X4","24","","","THS6187IRTJR-B","09/18/2015 12:41:52"
"24","ETS-2-64","6569306A","setup change","3X3","24","","","65633AKRTER-G2","09/18/2015 16:46:56"
"24","ETS-2-64","6569306A","","3X3","24","","","65633AKRTER-G2","09/18/2015 20:48:27"
"24","ETS-2-64","6569306A","","3X3","24","","","65633AKRTER-G2","09/19/2015 00:50:05"
"24","ETS-2-64","6569306A","","3X3","24","","","65633AKRTER-G2","09/19/2015 04:51:47"
"24","ETS-2-64","6569306A","","3X3","24","","","65633AKRTER-G2","09/19/2015 08:53:33"
"25","ETS-2-64","6541669B","","3X3","25","","","TPS43060RTER-C","09/17/2015 12:44:26"
"25","ETS-2-64","6541669B","","3X3","25","","","TPS43060RTER-C","09/17/2015 18:59:16"
"25","ETS-2-64","6541669B","","3X3","25","","","TPS43060RTET-C","09/18/2015 00:30:59"
"25","ETS-2-64","6541669B","","3X3","25","","","TPS43060RTET-C","09/18/2015 07:01:50"
"25","ETS-2-64","6541669B","","3X3","25","","","TPS43060RTET-C","09/18/2015 12:29:13"
"25","ETS-2-64","6554905A","setup change","3X3","25","","","PS74801DRCR1-B","09/18/2015 14:06:31"
"25","ETS-2-64","6554905A","","3X3","25","","","PS74801DRCR1-B","09/18/2015 15:38:51"
"25","ETS-2-64","6554905A","","3X3","25","","","PS74801DRCR1-B","09/18/2015 17:11:12"
"25","ETS-2-64","6554905A","","3X3","25","","","PS74801DRCT1-B","09/18/2015 22:43:03"
"25","ETS-2-64","6554905A","","3X3","25","","","PS74801DRCT1-B","09/19/2015 04:26:55"
"25","ETS-2-64","6525230A","setup change","2X2","25","","","TPS2553DRVR-L","09/19/2015 05:20:11"
"25","ETS-2-64","6568520B","setup change","5X5","25","","","1501005RHBR-G2","09/19/2015 08:18:01"
"26","ETS-2-64","6487925B","","3.5X3.5","26","","","N1109048RHLR-L","09/17/2015 14:39:16"
"26","ETS-2-64","6487925B","","3.5X3.5","26","","","PS54821RHLR2-R","09/17/2015 17:37:03"
"26","ETS-2-64","6487925B","","3.5X3.5","26","","","PS54821RHLR2-R","09/17/2015 23:31:17"
"26","ETS-2-64","6487925B","","3.5X3.5","26","","","PS54821RHLR2-R","09/18/2015 05:24:18"
"26","ETS-2-64","6487925B","","3.5X3.5","26","","","PS54821RHLR2-R","09/18/2015 11:18:25"
"26","ETS-2-64","6487925B","","3.5X3.5","26","","","PS54821RHLR2-R","09/18/2015 15:24:31"
"26","ETS-2-64","6487925B","","3.5X3.5","26","","","PS54821RHLR2-R","09/18/2015 21:18:48"
"26","ETS-2-64","6487925B","","3.5X3.5","26","","","PS54821RHLR2-R","09/19/2015 03:13:11"
"26","ETS-2-64","6487925B","","3.5X3.5","26","","","PS54821RHLR2-R","09/19/2015 09:06:27"
"27","ETS-2-64","6570845A","","3X3","27","","","S54335ADRCR-G2","09/17/2015 18:43:33"
"27","ETS-2-64","6570845A","","3X3","27","","","S54335ADRCR-G2","09/17/2015 21:52:14"
"27","ETS-2-64","6570845A","","3X3","27","","","S54335ADRCR-G2","09/18/2015 01:36:42"
"27","ETS-2-64","6570845A","","3X3","27","","","S54335ADRCR-G2","09/18/2015 05:21:16"
"27","ETS-2-64","6570845A","","3X3","27","","","S54335ADRCR-G2","09/18/2015 09:05:31"
"27","ETS-2-64","6570845A","","3X3","27","","","S54335ADRCR-G2","09/18/2015 12:50:05"
"27","ETS-2-64","6570845A","","3X3","27","","","S54335ADRCR-G2","09/18/2015 14:52:35"
"27","ETS-2-64","6570845A","","3X3","27","","","S54335ADRCR-G2","09/18/2015 18:37:16"
"27","ETS-2-64","6570845A","","3X3","27","","","S54335ADRCR-G2","09/18/2015 22:21:56"
"27","ETS-2-64","6588064A","setup change","3X3","27","","","1622IDRCT-URR&","09/19/2015 02:29:33"
"27","ETS-2-64","6568520B","setup change","5X5","27","","","1501005RHBR-G2","09/19/2015 04:55:53"
"27","ETS-2-64","6568520B","","5X5","27","","","1501005RHBR-G2","09/19/2015 07:48:03"
"29","ETS-2-64","6569306A","","3X3","29","","","5633BRTER-KDG2","09/17/2015 11:35:19"
"29","ETS-2-64","6569306A","","3X3","29","","","5633BRTER-KDG2","09/17/2015 15:03:56"
"29","ETS-2-64","6569306A","","3X3","29","","","65633AKRTER-G2","09/17/2015 18:33:38"
"29","ETS-2-64","6569306A","","3X3","29","","","65633BKRTER-G2","09/17/2015 22:53:24"
"29","ETS-2-64","6569306A","","3X3","29","","","65633BKRTER-G2","09/18/2015 03:06:55"
"29","ETS-2-64","6569306A","","3X3","29","","","65633BKRTER-G2","09/18/2015 07:26:53"
"29","ETS-2-64","6569306A","","3X3","29","","","65633BKRTER-G2","09/18/2015 09:37:11"
"29","ETS-2-64","6569306A","","3X3","29","","","65633BKRTER-G2","09/18/2015 13:56:57"
"29","ETS-2-64","6569306A","","3X3","29","","","65633BKRTER-G2","09/18/2015 16:07:18"
"29","ETS-2-64","6569306A","","3X3","29","","","65633BKRTER-G2","09/18/2015 20:27:06"
"29","ETS-2-64","6569306A","","3X3","29","","","65633BKRTER-G2","09/19/2015 00:46:16"
"29","ETS-2-64","6569306A","","3X3","29","","","65633BKRTER-G2","09/19/2015 02:56:34"
"29","ETS-2-64","6569306A","","3X3","29","","","65633BKRTER-G2","09/19/2015 07:16:23"
"29","ETS-2-64","6569306A","","3X3","29","","","PS65633RTER-G2","09/19/2015 09:17:18"
"30","ETS-2-64","6578688B","","4.5X3.5","30","","","D97374Q4M-LNKE","09/17/2015 12:51:46"
"30","ETS-2-64","6578688B","","4.5X3.5","30","","","D97374Q4M-LNKE","09/17/2015 16:02:10"
"30","ETS-2-64","6578688B","","4.5X3.5","30","","","D97374Q4M-LNKE","09/17/2015 19:56:18"
"30","ETS-2-64","6578688B","","4.5X3.5","30","","","D97374Q4M-LNKE","09/17/2015 23:05:56"
"30","ETS-2-64","6578688B","","4.5X3.5","30","","","D97374Q4M-LNKE","09/18/2015 05:26:02"
"30","ETS-2-64","6578688B","","4.5X3.5","30","","","D97374Q4M-LNKE","09/18/2015 06:20:40"
"30","ETS-2-64","6578688B","","4.5X3.5","30","","","D97374Q4M-LNKE","09/18/2015 07:51:43"
"30","ETS-2-64","6578688B","","4.5X3.5","30","","","D97374Q4M-LNKE","09/18/2015 09:39:20"
"30","ETS-2-64","6578688B","","4.5X3.5","30","","","D97374Q4M-LNKE","09/18/2015 10:46:47"
"30","ETS-2-64","6578688B","","4.5X3.5","30","","","D97374Q4M-LNKE","09/18/2015 12:34:00"
"30","ETS-2-64","6578688B","","4.5X3.5","30","","","D97374Q4M-LNKE","09/18/2015 14:21:10"
"30","ETS-2-64","6578688B","","4.5X3.5","30","","","D97374Q4M-LNKE","09/18/2015 15:31:16"
"30","ETS-2-64","6578688B","","4.5X3.5","30","","","D97374Q4M-LNKE","09/18/2015 17:16:33"
"30","ETS-2-64","6578688B","","4.5X3.5","30","","","D97374Q4M-LNKE","09/18/2015 19:03:49"
"30","ETS-2-64","6578688B","","4.5X3.5","30","","","D97374Q4M-LNKE","09/18/2015 20:49:49"
"30","ETS-2-64","6578688B","","4.5X3.5","30","","","D97374Q4M-LNKE","09/18/2015 22:34:24"
"30","ETS-2-64","6578688B","","4.5X3.5","30","","","D97374Q4M-LNKE","09/19/2015 00:23:01"
"30","ETS-2-64","6578688B","","4.5X3.5","30","","","D97374Q4M-LNKE","09/19/2015 02:10:51"
"30","ETS-2-64","6578688B","","4.5X3.5","30","","","D97374Q4M-LNKE","09/19/2015 03:58:14"
"30","ETS-2-64","6578688B","","4.5X3.5","30","","","D97374Q4M-LNKE","09/19/2015 05:44:29"
"30","ETS-2-64","6578688B","","4.5X3.5","30","","","D97374Q4M-LNKE","09/19/2015 07:32:42"
"30","ETS-2-64","6578688B","","4.5X3.5","30","","","D97374Q4M-LNKE","09/19/2015 09:20:48"
"31","ETS-2-64","6543758C","","4.5X3.5","31","","","PS53513RVER-LN","09/17/2015 12:09:39"
"31","ETS-2-64","6543758C","","4.5X3.5","31","","","PS53513RVER-LN","09/17/2015 14:48:29"
"31","ETS-2-64","6543758C","","4.5X3.5","31","","","PS53513RVER-LN","09/17/2015 17:27:42"
"31","ETS-2-64","6543758C","","4.5X3.5","31","","","PS53513RVER-LN","09/17/2015 20:09:58"
"31","ETS-2-64","6543758C","","4.5X3.5","31","","","PS53513RVER-LN","09/17/2015 22:44:44"
"31","ETS-2-64","6543758C","","4.5X3.5","31","","","PS53513RVER-LN","09/18/2015 01:23:11"
"31","ETS-2-64","6543758C","","4.5X3.5","31","","","PS53513RVER-LN","09/18/2015 04:05:28"
"31","ETS-2-64","6543758C","","4.5X3.5","31","","","PS53513RVER-LN","09/18/2015 06:44:54"
"31","ETS-2-64","6543758C","","4.5X3.5","31","","","PS53513RVER-LN","09/18/2015 09:26:09"
"31","ETS-2-64","6543758C","","4.5X3.5","31","","","PS53513RVER-LN","09/18/2015 12:07:23"
"31","ETS-2-64","6543758C","","4.5X3.5","31","","","PS53513RVER-LN","09/18/2015 14:47:03"
"31","ETS-2-64","6543758C","","4.5X3.5","31","","","PS53513RVER-LN","09/18/2015 17:27:36"
"31","ETS-2-64","6543758C","","4.5X3.5","31","","","PS53513RVER-LN","09/18/2015 20:08:58"
"31","ETS-2-64","6543758C","","4.5X3.5","31","","","PS53513RVER-LN","09/18/2015 22:50:03"
"31","ETS-2-64","6543758C","","4.5X3.5","31","","","PS53515RVER-LN","09/19/2015 01:28:30"
"31","ETS-2-64","6543758C","","4.5X3.5","31","","","PS53515RVER-LN","09/19/2015 04:07:13"
"31","ETS-2-64","6543758C","","4.5X3.5","31","","","PS53515RVER-LN","09/19/2015 06:19:09"
"31","ETS-2-64","6543758C","","4.5X3.5","31","","","S53515ARVER-LN","09/19/2015 08:48:43"
"32","ETS-2-128","6525585A","","4X4","32","","","BQ24196RGER-RY","09/17/2015 17:30:13"
"32","ETS-2-128","6525585A","","4X4","32","","","BQ24196RGER-RY","09/18/2015 01:32:39"
"32","ETS-2-128","6525585A","","4X4","32","","","BQ24196RGER-RY","09/18/2015 09:29:08"
"32","ETS-2-128","6525585A","","4X4","32","","","BQ24196RGER-RY","09/18/2015 17:31:05"
"32","ETS-2-128","6525585A","","4X4","32","","","BQ24196RGER-RY","09/19/2015 01:32:57"
"32","ETS-2-128","6525585A","","4X4","32","","","BQ24196RGER-RY","09/19/2015 09:14:45"
"33","ETS-2-64","6487925B","","3.5X3.5","33","","","PS54821RHLR2-R","09/17/2015 15:20:43"
"33","ETS-2-64","6487925B","","3.5X3.5","33","","","PS54821RHLR2-R","09/17/2015 20:37:30"
"33","ETS-2-64","6487925B","","3.5X3.5","33","","","PS54821RHLR2-R","09/18/2015 02:31:30"
"33","ETS-2-64","6487925B","","3.5X3.5","33","","","PS54821RHLR2-R","09/18/2015 08:25:12"
"33","ETS-2-64","6487925B","","3.5X3.5","33","","","PS54821RHLR2-R","09/18/2015 13:10:07"
"33","ETS-2-64","6487925B","","3.5X3.5","33","","","PS54821RHLR2-R","09/18/2015 19:03:42"
"33","ETS-2-64","6487925B","","3.5X3.5","33","","","PS54821RHLR2-R","09/19/2015 00:02:37"
"33","ETS-2-64","6487925B","","3.5X3.5","33","","","PS54821RHLR2-R","09/19/2015 05:56:16"
"33","ETS-2-64","6570729C","setup change","8X8","33","","","TPS2388RTQR-C","09/19/2015 07:22:45"
"33","ETS-2-64","6570729C","","8X8","33","","","TPS2388RTQR-C","09/19/2015 08:44:14"
"34","ETS-2-64","6522212C","","3X3","34","","","N1006030RTER-C","09/17/2015 12:48:42"
"34","ETS-2-64","6522212C","","3X3","34","","","N1006030RTER-C","09/17/2015 16:09:03"
"34","ETS-2-64","6522212C","","3X3","34","","","PS54218RTER3-C","09/17/2015 18:46:55"
"34","ETS-2-64","6522212C","","3X3","34","","","PS54218RTER3-C","09/17/2015 21:59:30"
"34","ETS-2-64","6522212C","","3X3","34","","","PS54218RTER3-C","09/18/2015 01:11:36"
"34","ETS-2-64","6522212C","","3X3","34","","","PS54218RTER3-C","09/18/2015 04:24:20"
"34","ETS-2-64","6522212C","","3X3","34","","","PS54218RTER3-C","09/18/2015 07:37:03"
"34","ETS-2-64","6522212C","","3X3","34","","","PS54218RTER3-C","09/18/2015 10:33:19"
"34","ETS-2-64","6522212C","","3X3","34","","","PS54218RTER3-C","09/18/2015 13:45:07"
"34","ETS-2-64","6522212C","","3X3","34","","","PS54218RTER3-C","09/18/2015 16:57:39"
"34","ETS-2-64","6522212C","","3X3","34","","","PS54218RTER3-C","09/18/2015 20:10:15"
"34","ETS-2-64","6522212C","","3X3","34","","","PS54218RTER4-C","09/18/2015 23:22:57"
"34","ETS-2-64","6522212C","","3X3","34","","","PS54218RTER3-C","09/19/2015 07:19:12"
"35","ETS-2M-64","6571778A","","3.5X3.5","35","","","7A8300RGRR-G2K","09/17/2015 13:48:52"
"35","ETS-2M-64","6571778A","","3.5X3.5","35","","","7A8300RGRR-G2K","09/17/2015 18:09:53"
"35","ETS-2M-64","6571778A","","3.5X3.5","35","","","7A8300RGRR-G2K","09/17/2015 22:30:24"
"35","ETS-2M-64","6571778A","","3.5X3.5","35","","","7A8300RGRR-G2K","09/18/2015 02:51:14"
"35","ETS-2M-64","6571778A","","3.5X3.5","35","","","7A8300RGRR-G2K","09/18/2015 07:12:02"
"35","ETS-2M-64","6571778A","","3.5X3.5","35","","","7A8300RGRR-G2K","09/18/2015 11:33:05"
"35","ETS-2M-64","6571778A","","3.5X3.5","35","","","7A8300RGRR-G2K","09/18/2015 15:54:04"
"35","ETS-2M-64","6571778A","","3.5X3.5","35","","","7A8300RGRR-G2K","09/18/2015 20:15:07"
"35","ETS-2M-64","6571778A","","3.5X3.5","35","","","7A8300RGRR-G2K","09/19/2015 00:36:06"
"35","ETS-2M-64","6571778A","","3.5X3.5","35","","","7A8300RGRR-G2K","09/19/2015 04:57:13"
"35","ETS-2M-64","6571778A","","3.5X3.5","35","","","7A8300RGRR-G2K","09/19/2015 09:17:59"
"36","ETS-2-64","6541533C","","4X4","36","","","1622RSMR1-G2YK","09/17/2015 12:57:10"
"36","ETS-2-64","6541533C","","4X4","36","","","1622RSMR1-G2YK","09/17/2015 14:43:20"
"36","ETS-2-64","6541533C","","4X4","36","","","51631RSMR-G2YK","09/17/2015 20:27:23"
"36","ETS-2-64","6541533C","","4X4","36","","","51631RSMR-G2YK","09/18/2015 04:31:27"
"36","ETS-2-64","6541533C","","4X4","36","","","S51624RSMR-G2K","09/18/2015 08:32:39"
"36","ETS-2-64","6541533C","","4X4","36","","","S51624RSMR-G2K","09/18/2015 16:37:00"
"36","ETS-2-64","6541533C","","4X4","36","","","S51624RSMR-G2K","09/18/2015 21:34:47"
"36","ETS-2-64","6541533C","","4X4","36","","","S51624RSMR-G2K","09/19/2015 02:32:49"
"36","ETS-2-64","6541533C","","4X4","36","","","S51624RSMR-G2K","09/19/2015 07:31:10"
"37","ETS-2-128","6530035A","","3X3","37","","","1211DSCR1-G2YK","09/17/2015 20:32:45"
"37","ETS-2-128","6530035A","","3X3","37","","","1211DSCR1-G2YK","09/18/2015 07:37:04"
"37","ETS-2-128","6530035A","","3X3","37","","","1211DSCR1-G2YK","09/18/2015 18:41:19"
"37","ETS-2-128","6530035A","","3X3","37","","","1211DSCR1-G2YK","09/19/2015 05:45:26"
"37","ETS-2-128","6530035A","","3X3","37","","","1211DSCR1-G2YK","09/19/2015 07:21:52"
"38","ETS-2-64","6552808A","","3X2","38","","","PS62742DSSR-LK","09/17/2015 11:48:10"
"38","ETS-2-64","6552808A","","3X2","38","","","PS62742DSSR-LK","09/17/2015 14:07:43"
"38","ETS-2-64","6552808A","","3X2","38","","","PS62745DSSR-LK","09/17/2015 18:25:38"
"38","ETS-2-64","6552808A","","3X2","38","","","S62740DSSR1-LK","09/17/2015 23:57:20"
"38","ETS-2-64","6552808A","","3X2","38","","","S62740DSSR1-LK","09/18/2015 02:26:34"
"38","ETS-2-64","6552808A","","3X2","38","","","S62740DSSR1-LK","09/18/2015 04:55:13"
"38","ETS-2-64","6552808A","","3X2","38","","","S62740DSSR1-LK","09/18/2015 06:10:28"
"38","ETS-2-64","6552808A","","3X2","38","","","S62740DSSR1-LK","09/18/2015 08:39:54"
"38","ETS-2-64","6552808A","","3X2","38","","","S62740DSSR1-LK","09/18/2015 10:27:18"
"38","ETS-2-64","6552808A","","3X2","38","","","S62740DSSR1-LK","09/18/2015 12:56:46"
"38","ETS-2-64","6552808A","","3X2","38","","","S62740DSSR1-LK","09/18/2015 15:26:14"
"38","ETS-2-64","6552808A","","3X2","38","","","S62740DSSR1-LK","09/18/2015 17:55:41"
"38","ETS-2-64","6552808A","","3X2","38","","","S62740DSSR1-LK","09/18/2015 19:21:18"
"38","ETS-2-64","6552808A","","3X2","38","","","S62740DSSR1-LK","09/18/2015 21:50:47"
"38","ETS-2-64","6552808A","","3X2","38","","","S62740DSSR1-LK","09/19/2015 00:20:12"
"38","ETS-2-64","6552808A","","3X2","38","","","S62740DSSR1-LK","09/19/2015 02:49:38"
"38","ETS-2-64","6552808A","","3X2","38","","","S62740DSSR1-LK","09/19/2015 05:19:05"
"38","ETS-2-64","6552808A","","3X2","38","","","S62740DSSR1-LK","09/19/2015 07:48:33"
"39","ETS-2M-64","6571778A","","3.5X3.5","39","","","7A8300RGRR-G2K","09/17/2015 13:49:08"
"39","ETS-2M-64","6571778A","","3.5X3.5","39","","","7A8300RGRR-G2K","09/17/2015 18:09:40"
"39","ETS-2M-64","6571778A","","3.5X3.5","39","","","7A8300RGRR-G2K","09/17/2015 22:30:42"
"39","ETS-2M-64","6571778A","","3.5X3.5","39","","","7A8300RGRR-G2K","09/18/2015 02:51:40"
"39","ETS-2M-64","6571778A","","3.5X3.5","39","","","7A8300RGRR-G2K","09/18/2015 07:12:09"
"39","ETS-2M-64","6571778A","","3.5X3.5","39","","","7A8300RGRR-G2K","09/18/2015 11:33:02"
"39","ETS-2M-64","6571778A","","3.5X3.5","39","","","7A8300RGRR-G2K","09/18/2015 15:54:00"
"39","ETS-2M-64","6571778A","","3.5X3.5","39","","","7A8300RGRR-G2K","09/18/2015 20:14:47"
"39","ETS-2M-64","6571778A","","3.5X3.5","39","","","7A8300RGRR-G2K","09/19/2015 00:35:43"
"39","ETS-2M-64","6571778A","","3.5X3.5","39","","","7A8300RGRR-G2K","09/19/2015 04:56:34"
"39","ETS-2M-64","6571778A","","3.5X3.5","39","","","7A8300RGRR-G2K","09/19/2015 09:17:39"
"40","ETM-4-64","6555613B","","3X3","40","","","A8001DRBR1-G2K","09/17/2015 20:31:36"
"40","ETM-4-64","6555613B","","3X3","40","","","A8001DRBR1-G2K","09/18/2015 02:16:37"
"40","ETM-4-64","6555613B","","3X3","40","","","A8001DRBR1-G2K","09/18/2015 10:07:15"
"40","ETM-4-64","6555613B","","3X3","40","","","A8001DRBR1-G2K","09/18/2015 21:01:20"
"40","ETM-4-64","6555613B","","3X3","40","","","A8001DRBR1-G2K","09/18/2015 21:51:13"
"40","ETM-4-64","6555613B","","3X3","40","","","A8001DRBR1-G2K","09/18/2015 23:29:54"
"40","ETM-4-64","6555613B","","3X3","40","","","A8001DRBR1-G2K","09/19/2015 01:08:44"
"40","ETM-4-64","6555613B","","3X3","40","","","A8001DRBR1-G2K","09/19/2015 01:58:39"
"40","ETM-4-64","6555613B","","3X3","40","","","A8001DRBR1-G2K","09/19/2015 07:31:22"
"41","ETS-2-64","6515577B","","5.5X3.5","41","","","BQ24133RGYR-G2","09/17/2015 12:37:44"
"41","ETS-2-64","6515577B","","5.5X3.5","41","","","BQ24133RGYR-G2","09/17/2015 15:46:24"
"41","ETS-2-64","6515577B","","5.5X3.5","41","","","BQ24133RGYR-G2","09/17/2015 18:54:23"
"41","ETS-2-64","6515577B","","5.5X3.5","41","","","BQ24133RGYR-G2","09/17/2015 22:03:26"
"41","ETS-2-64","6515577B","","5.5X3.5","41","","","BQ24170RGYR-G2","09/18/2015 01:25:58"
"41","ETS-2-64","6515577B","","5.5X3.5","41","","","BQ24170RGYR-G2","09/18/2015 03:05:41"
"41","ETS-2-64","6515577B","","5.5X3.5","41","","","BQ24170RGYR-G2","09/18/2015 06:24:55"
"41","ETS-2-64","6515577B","","5.5X3.5","41","","","BQ24170RGYR-G2","09/18/2015 09:43:50"
"41","ETS-2-64","6515577B","","5.5X3.5","41","","","BQ24170RGYR-G2","09/18/2015 13:04:02"
"41","ETS-2-64","6515577B","","5.5X3.5","41","","","BQ24170RGYR-G2","09/18/2015 14:49:07"
"41","ETS-2-64","6515577B","","5.5X3.5","41","","","BQ24170RGYR-G2","09/18/2015 16:53:23"
"41","ETS-2-64","6515577B","","5.5X3.5","41","","","BQ24170RGYR-G2","09/18/2015 20:12:09"
"41","ETS-2-64","6515577B","","5.5X3.5","41","","","BQ24170RGYR-G2","09/18/2015 23:31:31"
"41","ETS-2-64","6515577B","","5.5X3.5","41","","","BQ24170RGYR-G2","09/19/2015 02:52:23"
"41","ETS-2-64","6515577B","","5.5X3.5","41","","","BQ24170RGYR-G2","09/19/2015 06:12:37"
"41","ETS-2-64","6515577B","","5.5X3.5","41","","","BQ24133RGYR-G2","09/19/2015 08:59:53"
"42","ETS-2-64","6552808A","","3X2","42","","","PS62742DSSR-LK","09/17/2015 18:28:18"
"42","ETS-2-64","6552808A","","3X2","42","","","S62740DSSR1-LK","09/17/2015 20:57:40"
"42","ETS-2-64","6552808A","","3X2","42","","","S62740DSSR1-LK","09/17/2015 23:26:49"
"42","ETS-2-64","6552808A","","3X2","42","","","S62740DSSR1-LK","09/18/2015 01:25:30"
"42","ETS-2-64","6552808A","","3X2","42","","","S62740DSSR1-LK","09/18/2015 03:54:06"
"42","ETS-2-64","6552808A","","3X2","42","","","S62740DSSR1-LK","09/18/2015 06:22:34"
"42","ETS-2-64","6552808A","","3X2","42","","","S62740DSSR1-LK","09/18/2015 08:51:37"
"42","ETS-2-64","6552808A","","3X2","42","","","S62740DSSR1-LK","09/18/2015 10:39:32"
"42","ETS-2-64","6552808A","","3X2","42","","","S62740DSSR1-LK","09/18/2015 13:09:01"
"42","ETS-2-64","6552808A","","3X2","42","","","S62740DSSR1-LK","09/18/2015 15:38:26"
"42","ETS-2-64","6552808A","","3X2","42","","","S62740DSSR1-LK","09/18/2015 18:07:43"
"42","ETS-2-64","6552808A","","3X2","42","","","S62740DSSR1-LK","09/18/2015 20:37:11"
"42","ETS-2-64","6552808A","","3X2","42","","","S62740DSSR1-LK","09/18/2015 23:06:41"
"42","ETS-2-64","6552808A","","3X2","42","","","S62740DSSR1-LK","09/19/2015 06:02:03"
"42","ETS-2-64","6570729C","setup change","8X8","42","","","TPS2388RTQR-C","09/19/2015 07:30:13"
"42","ETS-2-64","6570729C","","8X8","42","","","TPS2388RTQR-C","09/19/2015 08:56:30"
"43","ETS-2-64","6523177B","","6X5","43","","","SD97370Q5M2-LN","09/17/2015 12:41:27"
"43","ETS-2-64","6523177B","","6X5","43","","","SD97370Q5M2-LN","09/17/2015 18:00:49"
"43","ETS-2-64","6523177B","","6X5","43","","","SD97370Q5M2-LN","09/17/2015 20:48:54"
"43","ETS-2-64","6523177B","","6X5","43","","","SD97370Q5M2-LN","09/17/2015 23:35:39"
"43","ETS-2-64","6523177B","","6X5","43","","","SD97370Q5M2-LN","09/18/2015 02:18:13"
"43","ETS-2-64","6523177B","","6X5","43","","","SD97370Q5M2-LN","09/18/2015 05:14:04"
"43","ETS-2-64","6523177B","","6X5","43","","","SD97370Q5M2-LN","09/18/2015 10:08:47"
"43","ETS-2-64","6523177B","","6X5","43","","","SD97370Q5M2-LN","09/18/2015 12:52:01"
"43","ETS-2-64","6523177B","","6X5","43","","","SD97370Q5M2-LN","09/18/2015 16:03:12"
"43","ETS-2-64","6523177B","","6X5","43","","","SD97370Q5M2-LN","09/18/2015 17:41:03"
"43","ETS-2-64","6523177B","","6X5","43","","","SD97370Q5M2-LN","09/18/2015 20:47:13"
"43","ETS-2-64","6523177B","","6X5","43","","","SD97370Q5M2-LN","09/18/2015 22:31:46"
"43","ETS-2-64","6523177B","","6X5","43","","","SD97370Q5M2-LN","09/19/2015 01:07:22"
"43","ETS-2-64","6523177B","","6X5","43","","","SD97370Q5M2-LN","09/19/2015 04:11:02"
"43","ETS-2-64","6523177B","","6X5","43","","","SD97370Q5M2-LN","09/19/2015 07:18:47"
"43","ETS-2-64","6523177B","","6X5","43","","","SD97370Q5M2-LN","09/19/2015 09:08:12"
"44","ETS-2-64","6522212C","","3X3","44","","","N1006030RTER-C","09/17/2015 12:48:05"
"44","ETS-2-64","6522212C","","3X3","44","","","N1006030RTER-C","09/17/2015 16:08:26"
"44","ETS-2-64","6522212C","","3X3","44","","","N1006030RTER-C","09/17/2015 19:28:54"
"44","ETS-2-64","6522212C","","3X3","44","","","N1006030RTER-C","09/17/2015 22:48:58"
"44","ETS-2-64","6522212C","","3X3","44","","","N1006030RTER-C","09/18/2015 00:44:45"
"44","ETS-2-64","6522212C","","3X3","44","","","PS54218RTER3-C","09/18/2015 03:56:55"
"44","ETS-2-64","6522212C","","3X3","44","","","PS54218RTER3-C","09/18/2015 07:09:28"
"44","ETS-2-64","6522212C","","3X3","44","","","PS54218RTER3-C","09/18/2015 10:21:42"
"44","ETS-2-64","6522212C","","3X3","44","","","PS54218RTER3-C","09/18/2015 13:34:03"
"44","ETS-2-64","6522212C","","3X3","44","","","PS54218RTER3-C","09/18/2015 16:46:18"
"44","ETS-2-64","6522212C","","3X3","44","","","PS54218RTER3-C","09/18/2015 19:58:47"
"44","ETS-2-64","6522212C","","3X3","44","","","PS54218RTER3-C","09/18/2015 23:11:27"
"44","ETS-2-64","6522212C","","3X3","44","","","PS54218RTER3-C","09/19/2015 02:23:57"
"44","ETS-2-64","6522167C","setup change","6X5","44","","","PS53319DQPR-LN","09/19/2015 05:15:28"
"44","ETS-2-64","6522167C","","6X5","44","","","PS53319DQPR-LN","09/19/2015 07:57:55"
"44","ETS-2-64","6522167C","","6X5","44","","","PS53319DQPR-LN","09/19/2015 08:48:41"
"45","ETS-2-64","6524040A","","3X3","45","","","546QRTERQ11-G2","09/17/2015 20:30:53"
"45","ETS-2-64","6524040A","","3X3","45","","","546QRTERQ11-G2","09/18/2015 07:29:14"
"45","ETS-2-64","6524040A","","3X3","45","","","546QRTERQ11-G2","09/18/2015 18:31:49"
"45","ETS-2-64","6524040A","","3X3","45","","","546QRTERQ11-G2","09/19/2015 05:34:59"
"45","ETS-2-64","6510147A","setup change","3X3","45","","","29442DRBR-BKY$","09/19/2015 08:44:35"
"46","ETM-4-64","6590151A","","4X3","46","","","25810RVCR-G2R#","09/17/2015 12:12:21"
"46","ETM-4-64","6590151A","","4X3","46","","","25810RVCR1-G2P","09/17/2015 18:26:13"
"46","ETM-4-64","6590151A","","4X3","46","","","25810RVCR1-G2P","09/18/2015 05:26:15"
"46","ETM-4-64","6590151A","","4X3","46","","","810RVCR3-G2QR&","09/18/2015 10:58:33"
"46","ETM-4-64","6590151A","","4X3","46","","","810RVCR3-G2QR&","09/18/2015 14:19:51"
"46","ETM-4-64","6590151A","","4X3","46","","","810RVCR3-G2QR&","09/18/2015 19:50:30"
"46","ETM-4-64","6590151A","","4X3","46","","","S25810RVCR-G2P","09/19/2015 01:59:11"
"46","ETM-4-64","6590151A","","4X3","46","","","25810RVCR1-G2P","09/19/2015 08:13:00"
"47","ETS-2-64","6570774A","","7X7","47","","","S65175RSHR2-UN","09/17/2015 13:39:14"
"47","ETS-2-64","6570774A","","7X7","47","","","S65175RSHR2-UN","09/17/2015 17:50:07"
"47","ETS-2-64","6570774A","","7X7","47","","","S65175RSHR2-UN","09/17/2015 22:00:20"
"47","ETS-2-64","6570774A","","7X7","47","","","S65175RSHR2-UN","09/18/2015 00:51:06"
"47","ETS-2-64","6570774A","","7X7","47","","","S65175RSHR2-UN","09/18/2015 05:02:22"
"47","ETS-2-64","6570774A","","7X7","47","","","S65175RSHR2-UN","09/18/2015 09:13:41"
"47","ETS-2-64","6570774A","","7X7","47","","","S65175RSHR2-UN","09/18/2015 13:24:20"
"47","ETS-2-64","6575703A","setup change","1.5X1.5","47","","","BQ29700DSER-G2","09/18/2015 17:07:57"
"47","ETS-2-64","6542777B","setup change","6X6","47","","","PS40425RHAR-G2","09/18/2015 19:47:39"
"47","ETS-2-64","6542777B","","6X6","47","","","1311031RHAR-G2","09/18/2015 22:09:32"
"47","ETS-2-64","6542777B","","6X6","47","","","1311031RHAR-G2","09/19/2015 00:13:47"
"47","ETS-2-64","6542777B","","6X6","47","","","1311031RHAR-G2","09/19/2015 04:05:05"
"47","ETS-2-64","6574595B","setup change","4X4","47","","","S24771RGER-G2K","09/19/2015 08:11:47"
"48","ETS-2-64","6569306A","","3X3","48","","","5633BRTER-KDG2","09/17/2015 13:41:40"
"48","ETS-2-64","6569306A","","3X3","48","","","5633BRTER-KDG2","09/17/2015 17:55:15"
"48","ETS-2-64","6569306A","","3X3","48","","","5633BRTER-KDG2","09/17/2015 22:08:19"
"48","ETS-2-64","6569306A","","3X3","48","","","5633BRTER-KDG2","09/18/2015 02:19:24"
"48","ETS-2-64","6569306A","","3X3","48","","","65633AKRTER-G2","09/18/2015 06:20:40"
"48","ETS-2-64","6569306A","","3X3","48","","","65633AKRTER-G2","09/18/2015 10:21:40"
"48","ETS-2-64","6569306A","","3X3","48","","","65633BKRTER-G2","09/18/2015 14:27:28"
"48","ETS-2-64","6569306A","","3X3","48","","","65633BKRTER-G2","09/18/2015 18:47:23"
"48","ETS-2-64","6569306A","","3X3","48","","","PS65633RTER-G2","09/18/2015 21:51:31"
"48","ETS-2-64","6569306A","","3X3","48","","","65633BKRTER-G2","09/19/2015 08:53:08"
"49","ETS-2-64","6545456B","","4.5X3.5","49","","","1362RVER1-LQR#","09/17/2015 11:34:24"
"49","ETS-2-64","6545456B","","4.5X3.5","49","","","1362RVER1-LQR#","09/17/2015 13:45:34"
"49","ETS-2-64","6545456B","","4.5X3.5","49","","","S51367RVER-LNY","09/17/2015 16:53:23"
"49","ETS-2-64","6545456B","","4.5X3.5","49","","","S51367RVER-LNY","09/17/2015 23:09:30"
"49","ETS-2-64","6545456B","","4.5X3.5","49","","","S51367RVER-LNY","09/18/2015 05:22:39"
"49","ETS-2-64","6545456B","","4.5X3.5","49","","","S51367RVER-LNY","09/18/2015 08:29:56"
"49","ETS-2-64","6545456B","","4.5X3.5","49","","","S51367RVER-LNY","09/18/2015 14:21:08"
"49","ETS-2-64","6545456B","","4.5X3.5","49","","","S51367RVER-LNY","09/18/2015 17:28:48"
"49","ETS-2-64","6545456B","","4.5X3.5","49","","","S51367RVER-LNY","09/18/2015 20:19:17"
"49","ETS-2-64","6545456B","","4.5X3.5","49","","","S51367RVER-LNY","09/19/2015 02:36:30"
"49","ETS-2-64","6545456B","","4.5X3.5","49","","","S51367RVER-LNY","09/19/2015 03:53:27"
"49","ETS-2-64","6545456B","","4.5X3.5","49","","","S51367RVER-LNY","09/19/2015 06:00:45"
"49","ETS-2-64","6545456B","","4.5X3.5","49","","","S51367RVER-LNY","09/19/2015 08:08:10"
"50","ETS-2-64","6479465A","","4X4","50","","","A6133A2RTJR-LK","09/17/2015 13:29:58"
"50","ETS-2-64","6479465A","","4X4","50","","","A6133A2RTJR-LK","09/17/2015 21:31:24"
"50","ETS-2-64","6553444B","setup change","3X3","50","","","PS54228DRCR-LY","09/17/2015 23:11:28"
"50","ETS-2-64","6553444B","","3X3","50","","","PS54227DRCR-LY","09/18/2015 00:47:30"
"50","ETS-2-64","6553444B","","3X3","50","","","PS54227DRCR-LY","09/18/2015 03:04:48"
"50","ETS-2-64","6553444B","","3X3","50","","","PS54227DRCR-LY","09/18/2015 06:14:08"
"50","ETS-2-64","6553444B","","3X3","50","","","PS54228DRCR-LY","09/18/2015 09:23:34"
"50","ETS-2-64","6553444B","","3X3","50","","","S54328DRCR-G2Y","09/18/2015 20:20:29"
"50","ETS-2-64","6553444B","","3X3","50","","","PS54228DRCR-LY","09/19/2015 07:24:24"
"51","ETS-2-64","6543758C","","4.5X3.5","51","","","PS53513RVER-LN","09/17/2015 09:30:47"
"51","ETS-2-64","6543758C","","4.5X3.5","51","","","PS53513RVER-LN","09/17/2015 12:09:13"
"51","ETS-2-64","6543758C","","4.5X3.5","51","","","PS53513RVER-LN","09/17/2015 14:45:20"
"51","ETS-2-64","6543758C","","4.5X3.5","51","","","PS53513RVER-LN","09/17/2015 17:24:27"
"51","ETS-2-64","6543758C","","4.5X3.5","51","","","PS53513RVER-LN","09/17/2015 19:59:31"
"51","ETS-2-64","6543758C","","4.5X3.5","51","","","PS53513RVER-LN","09/17/2015 22:37:58"
"51","ETS-2-64","6543758C","","4.5X3.5","51","","","PS53513RVER-LN","09/18/2015 01:16:03"
"51","ETS-2-64","6543758C","","4.5X3.5","51","","","PS53513RVER-LN","09/18/2015 03:54:14"
"51","ETS-2-64","6543758C","","4.5X3.5","51","","","PS53513RVER-LN","09/18/2015 06:36:22"
"51","ETS-2-64","6543758C","","4.5X3.5","51","","","PS53513RVER-LN","09/18/2015 09:18:32"
"51","ETS-2-64","6543758C","","4.5X3.5","51","","","PS53513RVER-LN","09/18/2015 11:59:50"
"51","ETS-2-64","6543758C","","4.5X3.5","51","","","PS53513RVER-LN","09/18/2015 14:39:33"
"51","ETS-2-64","6543758C","","4.5X3.5","51","","","PS53513RVER-LN","09/18/2015 17:21:48"
"51","ETS-2-64","6543758C","","4.5X3.5","51","","","PS53513RVER-LN","09/18/2015 20:03:48"
"51","ETS-2-64","6543758C","","4.5X3.5","51","","","PS53515RVER-LN","09/19/2015 02:21:36"
"51","ETS-2-64","6543758C","","4.5X3.5","51","","","S53515ARVER-LN","09/19/2015 04:55:34"
"51","ETS-2-64","6543758C","","4.5X3.5","51","","","S53515ARVER-LN","09/19/2015 07:28:15"
"52","ETM-5-128","6579768C","","4X4","52","","","BQ25892RTWR-G2","09/17/2015 12:25:04"
"52","ETM-5-128","6579768C","","4X4","52","","","BQ25892RTWR-G2","09/17/2015 15:21:55"
"52","ETM-5-128","6579768C","","4X4","52","","","BQ25892RTWR-G2","09/17/2015 18:18:42"
"52","ETM-5-128","6579768C","","4X4","52","","","BQ25892RTWR-G2","09/17/2015 21:15:35"
"52","ETM-5-128","6579768C","","4X4","52","","","BQ25892RTWR-G2","09/18/2015 00:12:27"
"52","ETM-5-128","6579768C","","4X4","52","","","BQ25892RTWR-G2","09/18/2015 03:09:21"
"52","ETM-5-128","6579768C","","4X4","52","","","BQ25892RTWR-G2","09/18/2015 06:06:14"
"52","ETM-5-128","6579768C","","4X4","52","","","BQ25892RTWR-G2","09/18/2015 09:03:01"
"52","ETM-5-128","6579768C","","4X4","52","","","BQ25892RTWR-G2","09/18/2015 11:59:53"
"52","ETM-5-128","6579768C","","4X4","52","","","BQ25892RTWR-G2","09/18/2015 14:56:40"
"52","ETM-5-128","6579768C","","4X4","52","","","BQ25892RTWR-G2","09/18/2015 17:53:27"
"52","ETM-5-128","6579768C","","4X4","52","","","BQ25892RTWR-G2","09/18/2015 20:50:21"
"52","ETM-5-128","6579768C","","4X4","52","","","BQ25892RTWR-G2","09/18/2015 23:47:11"
"52","ETM-5-128","6579768C","","4X4","52","","","BQ25892RTWR-G2","09/19/2015 02:44:04"
"52","ETM-5-128","6579768C","","4X4","52","","","BQ25892RTWR-G2","09/19/2015 05:40:59"
"52","ETM-5-128","6579768C","","4X4","52","","","BQ25892RTWR-G2","09/19/2015 08:37:54"
"53","ETM-5-128","6521765A","","1.5X1.5","53","","","TPS71745DSER-L","09/17/2015 12:21:01"
"53","ETM-5-128","6521765A","","1.5X1.5","53","","","TPS71745DSER-L","09/17/2015 15:03:55"
"53","ETM-5-128","6521765A","","1.5X1.5","53","","","TPS71745DSER-L","09/17/2015 17:13:16"
"53","ETM-5-128","6521765A","","1.5X1.5","53","","","TPS71745DSER-L","09/17/2015 18:39:52"
"53","ETM-5-128","6580945B","setup change","4.5X3.5","53","","","PS61088RHLR-G2","09/17/2015 19:48:07"
"53","ETM-5-128","6545098B","setup change","3X2","53","","","PS62175DQCR-RK","09/17/2015 20:35:31"
"53","ETM-5-128","6545098B","","3X2","53","","","PS62175DQCR-RK","09/17/2015 21:17:56"
"53","ETM-5-128","6545098B","","3X2","53","","","PS62175DQCR-RK","09/17/2015 22:00:21"
"53","ETM-5-128","6545098B","","3X2","53","","","PS62175DQCR-RK","09/17/2015 22:42:46"
"53","ETM-5-128","6545098B","","3X2","53","","","PS62175DQCR-RK","09/18/2015 06:00:46"
"53","ETM-5-128","6545098B","","3X2","53","","","PS62175DQCR-RK","09/18/2015 12:32:05"
"53","ETM-5-128","6545098B","","3X2","53","","","PS62175DQCR-RK","09/18/2015 20:35:06"
"53","ETM-5-128","6545098B","","3X2","53","","","PS62175DQCR-RK","09/19/2015 06:31:38"
"54","ETM-5-128","6579768C","","4X4","54","","","BQ25892RTWR-G2","09/17/2015 12:25:04"
"54","ETM-5-128","6579768C","","4X4","54","","","BQ25892RTWR-G2","09/17/2015 15:21:54"
"54","ETM-5-128","6579768C","","4X4","54","","","BQ25892RTWR-G2","09/17/2015 18:18:44"
"54","ETM-5-128","6579768C","","4X4","54","","","BQ25892RTWR-G2","09/17/2015 21:15:35"
"54","ETM-5-128","6579768C","","4X4","54","","","BQ25892RTWR-G2","09/18/2015 00:12:24"
"54","ETM-5-128","6579768C","","4X4","54","","","BQ25892RTWR-G2","09/18/2015 03:09:14"
"54","ETM-5-128","6579768C","","4X4","54","","","BQ25892RTWR-G2","09/18/2015 06:06:05"
"54","ETM-5-128","6579768C","","4X4","54","","","BQ25892RTWR-G2","09/18/2015 09:02:55"
"54","ETM-5-128","6579768C","","4X4","54","","","BQ25892RTWR-G2","09/18/2015 11:59:45"
"54","ETM-5-128","6579768C","","4X4","54","","","BQ25892RTWR-G2","09/18/2015 14:56:37"
"54","ETM-5-128","6579768C","","4X4","54","","","BQ25892RTWR-G2","09/18/2015 17:53:25"
"54","ETM-5-128","6579768C","","4X4","54","","","BQ25892RTWR-G2","09/18/2015 20:50:14"
"54","ETM-5-128","6579768C","","4X4","54","","","BQ25892RTWR-G2","09/18/2015 23:47:09"
"54","ETM-5-128","6579768C","","4X4","54","","","BQ25892RTWR-G2","09/19/2015 02:44:00"
"54","ETM-5-128","6579768C","","4X4","54","","","BQ25892RTWR-G2","09/19/2015 05:40:51"
"54","ETM-5-128","6579768C","","4X4","54","","","BQ25892RTWR-G2","09/19/2015 08:37:45"
"56","ETS-2Q-64","6509808B","","3X2","56","","","BQ25040DQCR-G2","09/17/2015 11:54:00"
"56","ETS-2Q-64","6509808B","","3X2","56","","","BQ25040DQCR-G2","09/17/2015 15:06:23"
"56","ETS-2Q-64","6518677A","setup change","5X5","56","","","PS65168RSBR1-R","09/17/2015 18:34:34"
"56","ETS-2Q-64","6489159B","setup change","3X3","56","","","TPS73701DRBR-B","09/17/2015 22:14:06"
"56","ETS-2Q-64","6489159B","","3X3","56","","","TPS73701DRBR-B","09/18/2015 03:03:01"
"56","ETS-2Q-64","6489159B","","3X3","56","","","TPS73701DRBR-B","09/18/2015 07:53:20"
"56","ETS-2Q-64","6489159B","","3X3","56","","","TPS73701DRBR-B","09/18/2015 12:44:35"
"56","ETS-2Q-64","6489159B","","3X3","56","","","TPS73701DRBR-B","09/18/2015 18:57:57"
"56","ETS-2Q-64","6489159B","","3X3","56","","","TPS73701DRBR-B","09/19/2015 06:01:38"
"57","ETS-2-64","6513992B","","3X3","57","","","S62130ARGTRS-L","09/17/2015 15:02:51"
"57","ETS-2-64","6513992B","","3X3","57","","","S62130ARGTRS-L","09/17/2015 20:38:38"
"57","ETS-2-64","6513992B","","3X3","57","","","S62130ARGTRS-L","09/18/2015 02:14:50"
"57","ETS-2-64","6513992B","","3X3","57","","","S62130ARGTRS-L","09/18/2015 07:50:25"
"57","ETS-2-64","6513992B","","3X3","57","","","S62130ARGTRS-L","09/18/2015 13:25:33"
"57","ETS-2-64","6513992B","","3X3","57","","","S62130ARGTRS-L","09/18/2015 19:00:57"
"57","ETS-2-64","6513992B","","3X3","57","","","S62130ARGTRS-L","09/19/2015 00:36:52"
"57","ETS-2-64","6513992B","","3X3","57","","","S62130ARGTRS-L","09/19/2015 06:02:07"
"57","ETS-2-64","6496545A","setup change","7X5","57","","","51315RGFT-LS2Y","09/19/2015 08:58:06"
"58","ETS-2-128","6530035A","","3X3","58","","","1211DSCR1-G2YK","09/17/2015 20:31:22"
"58","ETS-2-128","6530035A","","3X3","58","","","1211DSCR1-G2YK","09/18/2015 07:34:51"
"58","ETS-2-128","6530035A","","3X3","58","","","1211DSCR1-G2YK","09/18/2015 13:07:32"
"58","ETS-2-128","6530035A","","3X3","58","","","1211DSCR1-G2YK","09/19/2015 00:11:59"
"58","ETS-2-128","6530035A","","3X3","58","","","1218DSCR3-G2YK","09/19/2015 06:49:56"
"59","ETS-2-64","6528944B","","2X2","59","","","603V1RUNR-G2N#","09/17/2015 12:26:21"
"59","ETS-2-64","6528944B","","2X2","59","","","603V1RUNR-G2N#","09/17/2015 15:27:58"
"59","ETS-2-64","6528944B","","2X2","59","","","603V1RUNR-G2N#","09/17/2015 18:29:41"
"59","ETS-2-64","6528944B","","2X2","59","","","603V1RUNR-G2N#","09/17/2015 21:30:19"
"59","ETS-2-64","6528944B","","2X2","59","","","603V1RUNR-G2N#","09/18/2015 00:30:47"
"59","ETS-2-64","6528944B","","2X2","59","","","603V1RUNR-G2N#","09/18/2015 03:31:37"
"59","ETS-2-64","6528944B","","2X2","59","","","603V1RUNR-G2N#","09/18/2015 06:32:50"
"59","ETS-2-64","6528944B","","2X2","59","","","603V1RUNR-G2N#","09/18/2015 09:34:13"
"59","ETS-2-64","6528944B","","2X2","59","","","603V1RUNR-G2N#","09/18/2015 12:35:38"
"59","ETS-2-64","6528944B","","2X2","59","","","603V1RUNR-G2N#","09/18/2015 15:37:23"
"59","ETS-2-64","6528944B","","2X2","59","","","603V1RUNR-G2N#","09/18/2015 18:38:42"
"59","ETS-2-64","6528944B","","2X2","59","","","603V1RUNR-G2N#","09/18/2015 21:40:04"
"59","ETS-2-64","6528944B","","2X2","59","","","603V1RUNR-G2N#","09/18/2015 23:18:00"
"59","ETS-2-64","6528944B","","2X2","59","","","603V1RUNR-G2N#","09/19/2015 02:19:19"
"59","ETS-2-64","6528944B","","2X2","59","","","603V1RUNR-G2N#","09/19/2015 03:55:27"
"59","ETS-2-64","6528944B","","2X2","59","","","603V1RUNR-G2N#","09/19/2015 06:55:15"
"59","ETS-2-64","6528944B","","2X2","59","","","603V1RUNR-G2N#","09/19/2015 08:30:45"
"60","ETS-2-64","6570774A","","7X7","60","","","S65175RSHR2-UN","09/17/2015 12:19:05"
"60","ETS-2-64","6570774A","","7X7","60","","","S65175RSHR2-UN","09/17/2015 14:32:01"
"60","ETS-2-64","6570774A","","7X7","60","","","S65175RSHR2-UN","09/17/2015 18:42:11"
"60","ETS-2-64","6570774A","","7X7","60","","","S65175RSHR2-UN","09/17/2015 22:52:41"
"60","ETS-2-64","6570774A","","7X7","60","","","S65175RSHR2-UN","09/18/2015 02:59:12"
"60","ETS-2-64","6570774A","","7X7","60","","","S65175RSHR2-UN","09/18/2015 07:05:43"
"60","ETS-2-64","6570774A","","7X7","60","","","S65175RSHR2-UN","09/18/2015 08:15:59"
"60","ETS-2-64","6570774A","","7X7","60","","","S65175RSHR2-UN","09/18/2015 14:06:31"
"60","ETS-2-64","6570774A","","7X7","60","","","S65175RSHR2-UN","09/18/2015 19:54:44"
"60","ETS-2-64","6570774A","","7X7","60","","","S65175RSHR2-UN","09/19/2015 00:05:35"
"60","ETS-2-64","6570774A","","7X7","60","","","S65175RSHR2-UN","09/19/2015 04:16:48"
"60","ETS-2-64","6570774A","","7X7","60","","","S65175RSHR2-UN","09/19/2015 08:28:53"
"61","ETS-2-64","6524040A","","3X3","61","","","546QRTERQ11-G2","09/17/2015 20:26:19"
"61","ETS-2-64","6524040A","","3X3","61","","","546QRTERQ11-G2","09/18/2015 07:27:48"
"61","ETS-2-64","6524040A","","3X3","61","","","546QRTERQ11-G2","09/18/2015 18:26:24"
"61","ETS-2-64","6524040A","","3X3","61","","","546QRTERQ11-G2","09/19/2015 00:17:30"
"61","ETS-2-64","6524040A","","3X3","61","","","546QRTERQ11-G2","09/19/2015 08:43:51"
"62","ETS-2-128","6530035A","","3X3","62","","","1211DSCR1-G2YK","09/17/2015 20:32:02"
"62","ETS-2-128","6530035A","","3X3","62","","","1211DSCR1-G2YK","09/18/2015 07:35:52"
"62","ETS-2-128","6530035A","","3X3","62","","","1211DSCR1-G2YK","09/18/2015 18:40:10"
"62","ETS-2-128","6530035A","","3X3","62","","","1211DSCR1-G2YK","09/19/2015 05:44:12"
"62","ETS-2-128","6577720A","setup change","5X5","62","","","661RHBR1-UG2R&","09/19/2015 09:22:54"
"63","ETS-2-64","6556617A","","3X2.5","63","","","CSD87381P1-NS2","09/17/2015 15:04:38"
"63","ETS-2-64","6556617A","","3X2.5","63","","","CSD87381P1-NS2","09/18/2015 01:47:40"
"63","ETS-2-64","6556617A","","3X2.5","63","","","CSD87381P1-NS2","09/18/2015 12:31:06"
"63","ETS-2-64","6556617A","","3X2.5","63","","","CSD87381P1-NS2","09/18/2015 23:16:10"
"63","ETS-2-64","6556617A","","3X2.5","63","","","CSD87381P1-NS2","09/19/2015 01:00:02"
"63","ETS-2-64","6556617A","","3X2.5","63","","","CSD87381P1-NS2","09/19/2015 02:43:57"
"63","ETS-2-64","6556617A","","3X2.5","63","","","SD87381P6-UNR&","09/19/2015 04:27:49"
"63","ETS-2-64","6556617A","","3X2.5","63","","","SD87381P6-UNR&","09/19/2015 06:11:34"
"63","ETS-2-64","6545193C","setup change","7X7","63","","","AFE032IRGZR-C","09/19/2015 08:04:40"
"64","ETS-2-64","6569306A","","3X3","64","","","65633BKRTER-G2","09/17/2015 13:48:04"
"64","ETS-2-64","6569306A","","3X3","64","","","65633BKRTER-G2","09/17/2015 17:45:39"
"64","ETS-2-64","6569306A","","3X3","64","","","65633BKRTER-G2","09/17/2015 21:57:53"
"64","ETS-2-64","6569306A","","3X3","64","","","65633BKRTER-G2","09/18/2015 02:17:27"
"64","ETS-2-64","6569306A","","3X3","64","","","65633BKRTER-G2","09/18/2015 04:33:30"
"64","ETS-2-64","6569306A","","3X3","64","","","65633BKRTER-G2","09/18/2015 08:53:30"
"64","ETS-2-64","6569306A","","3X3","64","","","65633BKRTER-G2","09/18/2015 11:33:16"
"64","ETS-2-64","6569306A","","3X3","64","","","65633BKRTER-G2","09/18/2015 15:53:08"
"64","ETS-2-64","6569306A","","3X3","64","","","65633BKRTER-G2","09/18/2015 20:12:53"
"64","ETS-2-64","6569306A","","3X3","64","","","65633BKRTER-G2","09/19/2015 00:01:37"
"64","ETS-2-64","6569306A","","3X3","64","","","65633BKRTER-G2","09/19/2015 03:02:48"
"64","ETS-2-64","6569306A","","3X3","64","","","65633BKRTER-G2","09/19/2015 07:20:54"
"65","ETS-2-64","6503050A","","5X5","65","","","PS65148CRHBR-U","09/17/2015 12:28:51"
"65","ETS-2-64","6503050A","","5X5","65","","","PS65148CRHBR-U","09/17/2015 14:15:03"
"65","ETS-2-64","6503050A","","5X5","65","","","PS65148CRHBR-U","09/17/2015 17:08:45"
"65","ETS-2-64","6503050A","","5X5","65","","","PS65148CRHBR-U","09/17/2015 19:56:32"
"65","ETS-2-64","6503050A","","5X5","65","","","PS65148CRHBR-U","09/17/2015 22:50:10"
"65","ETS-2-64","6503050A","","5X5","65","","","PS65148CRHBR-U","09/18/2015 01:41:46"
"65","ETS-2-64","6503050A","","5X5","65","","","PS65148CRHBR-U","09/18/2015 03:26:17"
"65","ETS-2-64","6503050A","","5X5","65","","","PS65148CRHBR-U","09/18/2015 06:19:48"
"65","ETS-2-64","6503050A","","5X5","65","","","PS65148CRHBR-U","09/18/2015 07:54:50"
"65","ETS-2-64","6555639A","setup change","5.5X3.5","65","","","1306051RHRR-G2","09/18/2015 11:07:29"
"65","ETS-2-64","6544455A","setup change","3X3","65","","","PS61176RTER-G2","09/18/2015 12:59:54"
"65","ETS-2-64","6544455A","","3X3","65","","","PS61176RTER-G2","09/18/2015 15:48:28"
"65","ETS-2-64","6544455A","","3X3","65","","","PS61176RTER-G2","09/18/2015 18:06:44"
"65","ETS-2-64","6544455A","","3X3","65","","","PS61176RTER-G2","09/18/2015 21:34:58"
"65","ETS-2-64","6544455A","","3X3","65","","","PS61176RTER-G2","09/19/2015 01:08:39"
"65","ETS-2-64","6544455A","","3X3","65","","","PS61176RTER-G2","09/19/2015 04:37:44"
"66","ETS-2-64","6505771B","","3X3","66","","","TPS2556DRBR-G2","09/17/2015 11:53:46"
"66","ETS-2-64","6505771B","","3X3","66","","","TPS2556DRBR-G2","09/17/2015 13:55:01"
"66","ETS-2-64","6505771B","","3X3","66","","","TPS2557DRBR3-R","09/17/2015 21:02:47"
"66","ETS-2-64","6505771B","","3X3","66","","","TPS2557DRBR3-R","09/18/2015 02:58:33"
"66","ETS-2-64","6505771B","","3X3","66","","","TPS2557DRBR3-R","09/18/2015 12:12:24"
"66","ETS-2-64","6505771B","","3X3","66","","","TPS2557DRBR3-R","09/18/2015 17:44:36"
"66","ETS-2-64","6505771B","","3X3","66","","","TPS2557DRBR3-R","09/18/2015 23:17:08"
"66","ETS-2-64","6505771B","","3X3","66","","","TPS2557DRBR3-R","09/19/2015 09:10:59"
"67","ETS-2-64","6491839B","","5.5X3.5","67","","","408065RHLR-G2K","09/17/2015 14:32:04"
"67","ETS-2-64","6491839B","","5.5X3.5","67","","","408065RHLR-G2K","09/17/2015 19:33:12"
"67","ETS-2-64","6491839B","","5.5X3.5","67","","","408065RHLR-G2K","09/17/2015 22:05:18"
"67","ETS-2-64","6491839B","","5.5X3.5","67","","","408065RHLR-G2K","09/18/2015 03:09:19"
"67","ETS-2-64","6491839B","","5.5X3.5","67","","","408065RHLR-G2K","09/18/2015 07:55:53"
"67","ETS-2-64","6491839B","","5.5X3.5","67","","","408065RHLR-G2K","09/18/2015 12:56:44"
"67","ETS-2-64","6491839B","","5.5X3.5","67","","","408065RHLR-G2K","09/18/2015 18:01:01"
"67","ETS-2-64","6491839B","","5.5X3.5","67","","","408065RHLR-G2K","09/18/2015 23:06:20"
"67","ETS-2-64","6491839B","","5.5X3.5","67","","","408065RHLR-G2K","09/19/2015 01:54:45"
"67","ETS-2-64","6491839B","","5.5X3.5","67","","","408065RHLR-G2K","09/19/2015 06:54:31"
"68","ETS-2-64","6541533C","","4X4","68","","","1622RSMR1-G2YK","09/17/2015 12:13:17"
"68","ETS-2-64","6541533C","","4X4","68","","","51631RSMR-G2YK","09/17/2015 20:09:43"
"68","ETS-2-64","6541533C","","4X4","68","","","S51624RSMR-G2K","09/18/2015 02:37:30"
"68","ETS-2-64","6541533C","","4X4","68","","","S51624RSMR-G2K","09/18/2015 05:06:14"
"68","ETS-2-64","6541533C","","4X4","68","","","S51624RSMR-G2K","09/18/2015 09:43:55"
"68","ETS-2-64","6541533C","","4X4","68","","","S51624RSMR-G2K","09/18/2015 14:38:16"
"68","ETS-2-64","6541533C","","4X4","68","","","S51624RSMR-G2K","09/18/2015 19:35:19"
"68","ETS-2-64","6541533C","","4X4","68","","","S51624RSMR-G2K","09/18/2015 22:00:50"
"68","ETS-2-64","6541533C","","4X4","68","","","S51624RSMR-G2K","09/19/2015 02:59:03"
"68","ETS-2-64","6541533C","","4X4","68","","","S51624RSMR-G2K","09/19/2015 05:45:55"
"68","ETS-2-64","6541533C","","4X4","68","","","S51624RSMR-G2K","09/19/2015 08:15:38"
"69","ETS-2-64","6461377C","","4X4","69","","","A2012D2RTJR-RK","09/17/2015 17:32:37"
"69","ETS-2-64","6461377C","","4X4","69","","","A2012D2RTJR-RK","09/18/2015 01:37:07"
"69","ETS-2-64","6461377C","","4X4","69","","","A2012D2RTJR-RK","09/18/2015 09:41:42"
"69","ETS-2-64","6461377C","","4X4","69","","","A2012D2RTJR-RK","09/18/2015 17:45:06"
"69","ETS-2-64","6461377C","","4X4","69","","","A2012D2RTJR-RK","09/18/2015 20:28:07"
"69","ETS-2-64","6461377C","","4X4","69","","","A2012D2RTJR-RK","09/18/2015 23:19:16"
"69","ETS-2-64","6461377C","","4X4","69","","","A2012D2RTJR-RK","09/19/2015 02:12:21"
"69","ETS-2-64","6461377C","","4X4","69","","","A2012D2RTJR-RK","09/19/2015 04:05:06"
"69","ETS-2-64","6461377C","","4X4","69","","","A2012D2RTJR-RK","09/19/2015 06:31:51"
"69","ETS-2-64","6461377C","","4X4","69","","","A2012D2RTJR-RK","09/19/2015 07:58:20"
"70","ETS-2-64","6494708A","","4X4","70","","","TPS2420RSAR-G2","09/17/2015 13:01:26"
"70","ETS-2-64","6494708A","","4X4","70","","","TPS2420RSAR-G2","09/17/2015 18:33:39"
"70","ETS-2-64","6494708A","","4X4","70","","","TPS2420RSAT-G2","09/17/2015 21:20:09"
"70","ETS-2-64","6494708A","","4X4","70","","","TPS2420RSAT-G2","09/18/2015 01:52:41"
"70","ETS-2-64","6494708A","","4X4","70","","","TPS2590RSAR-G2","09/18/2015 06:50:19"
"70","ETS-2-64","6494708A","","4X4","70","","","TPS2590RSAR-G2","09/18/2015 11:47:27"
"70","ETS-2-64","6494708A","","4X4","70","","","TPS2590RSAR-G2","09/18/2015 16:44:54"
"70","ETS-2-64","6494708A","","4X4","70","","","TPS2590RSAR-G2","09/18/2015 21:43:14"
"70","ETS-2-64","6494708A","","4X4","70","","","TPS2590RSAR-G2","09/19/2015 02:41:29"
"70","ETS-2-64","6494708A","","4X4","70","","","TPS2590RSAR-G2","09/19/2015 06:37:38"
"71","ETS-1M-64","No_Tooling","","3X3","71","","","A2314AIDRBR-CK","09/17/2015 20:30:21"
"71","ETS-1M-64","No_Tooling","","3X3","71","","","A2314AIDRBR-CK","09/18/2015 07:32:42"
"71","ETS-1M-64","No_Tooling","","3X3","71","","","A2314AIDRBR-CK","09/18/2015 18:35:40"
"71","ETS-1M-64","6517950B","setup change","3X3","71","","","AC8163SDSCR-UC","09/19/2015 01:13:35"
"71","ETS-1M-64","6542852A","setup change","3X3","71","","","UCC27526DSDR-R","09/19/2015 04:10:16"
"71","ETS-1M-64","6542852A","","3X3","71","","","UCC27526DSDR-R","09/19/2015 07:41:01"
"72","ETS-2-64","6525585A","","4X4","72","","","BQ24196RGER-RY","09/17/2015 12:18:34"
"72","ETS-2-64","6525585A","","4X4","72","","","BQ24196RGER-RY","09/17/2015 13:38:30"
"72","ETS-2-64","6525585A","","4X4","72","","","BQ24196RGER-RY","09/17/2015 17:36:07"
"72","ETS-2-64","6525585A","","4X4","72","","","BQ24196RGER-RY","09/17/2015 21:32:23"
"72","ETS-2-64","6525585A","","4X4","72","","","BQ24196RGER-RY","09/17/2015 23:42:56"
"72","ETS-2-64","6525585A","","4X4","72","","","BQ24196RGER-RY","09/18/2015 03:07:01"
"72","ETS-2-64","6525585A","","4X4","72","","","BQ24196RGER-RY","09/18/2015 06:47:21"
"72","ETS-2-64","6525585A","","4X4","72","","","BQ24196RGER-RY","09/18/2015 10:26:11"
"72","ETS-2-64","6525585A","","4X4","72","","","BQ24196RGER-RY","09/18/2015 12:35:30"
"72","ETS-2-64","6525585A","","4X4","72","","","BQ24196RGER-RY","09/18/2015 15:53:16"
"72","ETS-2-64","6525585A","","4X4","72","","","BQ24196RGER-RY","09/18/2015 19:51:08"
"72","ETS-2-64","6525585A","","4X4","72","","","BQ24196RGER-RY","09/18/2015 22:09:13"
"72","ETS-2-64","6525585A","","4X4","72","","","BQ24196RGER-RY","09/19/2015 02:07:04"
"72","ETS-2-64","6525585A","","4X4","72","","","BQ24196RGER-RY","09/19/2015 08:57:16"
"73","ETS-2-64","6524040A","","3X3","73","","","546QRTERQ11-G2","09/17/2015 20:31:05"
"73","ETS-2-64","6524040A","","3X3","73","","","546QRTERQ11-G2","09/18/2015 02:24:18"
"73","ETS-2-64","6524040A","","3X3","73","","","546QRTERQ11-G2","09/18/2015 10:54:49"
"73","ETS-2-64","6524040A","","3X3","73","","","546QRTERQ11-G2","09/18/2015 21:57:32"
"73","ETS-2-64","6524040A","","3X3","73","","","546QRTERQ11-G2","09/19/2015 08:56:40"
"74","ETS-2-64","6541231B","","3.5X3.5","74","","","Q24736RGRR-G2K","09/17/2015 15:31:16"
"74","ETS-2-64","6541231B","","3.5X3.5","74","","","Q24736RGRR-G2K","09/17/2015 19:41:28"
"74","ETS-2-64","6541231B","","3.5X3.5","74","","","Q24736RGRR-G2K","09/18/2015 00:27:37"
"74","ETS-2-64","6541231B","","3.5X3.5","74","","","Q24736RGRR-G2K","09/18/2015 02:51:46"
"74","ETS-2-64","6541231B","","3.5X3.5","74","","","Q24736RGRR-G2K","09/18/2015 07:07:25"
"74","ETS-2-64","6541231B","","3.5X3.5","74","","","Q24736RGRR-G2K","09/18/2015 11:49:27"
"74","ETS-2-64","6541231B","","3.5X3.5","74","","","Q24736RGRR-G2K","09/18/2015 16:36:39"
"74","ETS-2-64","6541231B","","3.5X3.5","74","","","Q24736RGRR-G2K","09/18/2015 21:24:43"
"74","ETS-2-64","6541231B","","3.5X3.5","74","","","Q24736RGRR-G2K","09/19/2015 02:11:36"
"74","ETS-2-64","6541231B","","3.5X3.5","74","","","Q24736RGRR-G2K","09/19/2015 06:56:42"
"75","ETS-2-64","6516230D","","3X3","75","","","S51200DRCR-G2Y","09/17/2015 23:01:56"
"75","ETS-2-64","6516230D","","3X3","75","","","S51200DRCR-G2Y","09/18/2015 12:35:32"
"75","ETS-2-64","6516230D","","3X3","75","","","S51200DRCR-G2Y","09/19/2015 02:09:10"
"75","ETS-2-64","6515575A","setup change","4.5X3.5","75","","","BQ24130RHLR-G2","09/19/2015 06:25:12"
"75","ETS-2-64","6515575A","","4.5X3.5","75","","","BQ24130RHLR-G2","09/19/2015 08:50:11"
"76","ETS-2-64","6504342B","","4X4","76","","","BQ24616RGER-LK","09/17/2015 14:07:17"
"76","ETS-2-64","6504342B","","4X4","76","","","BQ24616RGER-LK","09/17/2015 19:03:22"
"76","ETS-2-64","6504342B","","4X4","76","","","BQ24616RGER-LK","09/17/2015 23:59:32"
"76","ETS-2-64","6504342B","","4X4","76","","","BQ24616RGER-LK","09/18/2015 04:57:33"
"76","ETS-2-64","6504342B","","4X4","76","","","BQ24616RGER-LK","09/18/2015 09:35:49"
"76","ETS-2-64","6504342B","","4X4","76","","","Q24617RGER-G2K","09/18/2015 17:40:22"
"76","ETS-2-64","6504342B","","4X4","76","","","Q24617RGER-G2K","09/18/2015 22:28:32"
"76","ETS-2-64","6504342B","","4X4","76","","","Q24617RGER-G2K","09/19/2015 03:15:46"
"76","ETS-2-64","6504342B","","4X4","76","","","Q24610RGER-G2K","09/19/2015 07:50:35"
"77","ETS-2-64","6514558B","","7X5","77","","","53315RGFR-LS2Y","09/17/2015 09:30:55"
"77","ETS-2-64","6505620C","setup change","3X3","77","","","PS2561DRCR1-LY","09/17/2015 15:10:30"
"77","ETS-2-64","6505620C","","3X3","77","","","PS2561DRCR1-G2","09/17/2015 20:40:32"
"77","ETS-2-64","6505620C","","3X3","77","","","PS2561DRCR1-G2","09/18/2015 07:42:46"
"77","ETS-2-64","6505620C","","3X3","77","","","PS2561DRCR1-G2","09/18/2015 18:47:14"
"77","ETS-2-64","6505620C","","3X3","77","","","PS2561DRCR1-G2","09/19/2015 05:51:41"
"77","ETS-2-64","6528917B","setup change","7X5","77","","","44C20RVFT1-LN#","09/19/2015 08:50:39"
"78","ETS-2-64","6541533C","","4X4","78","","","S51624RSMR-G2K","09/17/2015 17:31:22"
"78","ETS-2-64","6541533C","","4X4","78","","","S51624RSMR-G2K","09/18/2015 01:31:33"
"78","ETS-2-64","6541533C","","4X4","78","","","S51624RSMR-G2K","09/18/2015 05:40:25"
"78","ETS-2-64","6541533C","","4X4","78","","","S51624RSMR-G2K","09/18/2015 10:37:47"
"78","ETS-2-64","6541533C","","4X4","78","","","S51624RSMR-G2K","09/18/2015 15:35:06"
"78","ETS-2-64","6541533C","","4X4","78","","","S51624RSMR-G2K","09/18/2015 20:32:49"
"78","ETS-2-64","6541533C","","4X4","78","","","S51624RSMR-G2K","09/19/2015 01:30:34"
"78","ETS-2-64","6510609E","setup change","3X3","78","","","S53311RGTR1-G2","09/19/2015 03:21:34"
"78","ETS-2-64","6510609E","","3X3","78","","","S53311RGTR1-G2","09/19/2015 05:54:53"
"78","ETS-2-64","6570729C","setup change","8X8","78","","","TPS2388RTQT-C","09/19/2015 07:29:17"
"78","ETS-2-64","6570729C","","8X8","78","","","TPS2388RTQR-C","09/19/2015 08:50:44"
"79","ETS-2-64","No_Tooling","","3X3","79","","","A2314AIDRBR-CK","09/17/2015 20:32:08"
"79","ETS-2-64","No_Tooling","","3X3","79","","","A2314AIDRBR-CK","09/18/2015 07:35:58"
"79","ETS-2-64","No_Tooling","","3X3","79","","","A2314AIDRBR-CK","09/18/2015 18:39:39"
"79","ETS-2-64","6520265B","setup change","4X4","79","","","TPS54526RSAT-L","09/18/2015 20:46:56"
"79","ETS-2-64","6520265B","","4X4","79","","","PS54426RSAR1-L","09/19/2015 00:46:01"
"79","ETS-2-64","6520265B","","4X4","79","","","PS54426RSAR1-L","09/19/2015 04:46:57"
"79","ETS-2-64","6542741A","setup change","3X3","79","","","53819ARGTR1-LK","09/19/2015 07:57:30"
"80","ETS-2M-64","6487925B","","3.5X3.5","80","","","4622RHLR1-LQR#","09/17/2015 15:59:36"
"80","ETS-2M-64","6487925B","","3.5X3.5","80","","","N1109048RHLR-L","09/17/2015 20:00:41"
"80","ETS-2M-64","6487925B","","3.5X3.5","80","","","PS54622ARHLR-L","09/17/2015 23:53:22"
"80","ETS-2M-64","6487925B","","3.5X3.5","80","","","PS54622ARHLR-L","09/18/2015 03:18:42"
"80","ETS-2M-64","6487925B","","3.5X3.5","80","","","PS54622ARHLR-L","09/18/2015 09:47:33"
"80","ETS-2M-64","6487925B","","3.5X3.5","80","","","PS54622ARHLR-L","09/18/2015 16:18:41"
"80","ETS-2M-64","6487925B","","3.5X3.5","80","","","S54620RGYR1-G2","09/18/2015 21:30:18"
"80","ETS-2M-64","6487925B","","3.5X3.5","80","","","S54620RGYR1-G2","09/19/2015 02:41:31"
"80","ETS-2M-64","6487925B","","3.5X3.5","80","","","PS54622ARHLR-L","09/19/2015 09:11:07"
"81","ETS-2-64","6570729C","","8X8","81","","","TPS2388RTQR-C","09/17/2015 21:44:12"
"81","ETS-2-64","6570729C","","8X8","81","","","TPS2388RTQR-C","09/18/2015 15:57:46"
"81","ETS-2-64","6570729C","","8X8","81","","","TPS2388RTQR-C","09/19/2015 04:29:10"
"81","ETS-2-64","6570729C","","8X8","81","","","TPS2388RTQR-C","09/19/2015 05:49:02"
"81","ETS-2-64","6570729C","","8X8","81","","","TPS2388RTQR-C","09/19/2015 07:10:23"
"81","ETS-2-64","6570729C","","8X8","81","","","TPS2388RTQR-C","09/19/2015 08:30:11"
"83","ETS-2-64","6544140B","","4.5X3.5","83","","","95377Q4M1-LQN#","09/17/2015 09:29:58"
"83","ETS-2-64","6544140B","","4.5X3.5","83","","","95377Q4M1-LQN#","09/17/2015 12:33:31"
"83","ETS-2-64","6544140B","","4.5X3.5","83","","","95377Q4M2-LQN#","09/17/2015 12:36:34"
"83","ETS-2-64","6544140B","","4.5X3.5","83","","","95377Q4M2-LQN#","09/17/2015 15:41:36"
"83","ETS-2-64","6544140B","","4.5X3.5","83","","","D59998Q4M-LQN&","09/17/2015 15:44:54"
"83","ETS-2-64","6544140B","","4.5X3.5","83","","","D59998Q4M-LQN&","09/17/2015 18:39:08"
"83","ETS-2-64","6544140B","","4.5X3.5","83","","","D95377Q4M-LQN#","09/17/2015 18:41:42"
"83","ETS-2-64","6544140B","","4.5X3.5","83","","","D95377Q4M-LQN#","09/17/2015 21:45:38"
"83","ETS-2-64","6517878B","setup change","4X4","83","","","PS53313RGER-G2","09/18/2015 01:56:14"
"83","ETS-2-64","6517878B","","4X4","83","","","PS53313RGER-G2","09/18/2015 05:51:12"
"83","ETS-2-64","6517878B","","4X4","83","","","PS53313RGER-G2","09/18/2015 09:54:51"
"83","ETS-2-64","6517878B","","4X4","83","","","PS53313RGER-G2","09/18/2015 14:00:09"
"83","ETS-2-64","6570242A","setup change","3.3X3.3","83","","","D95379Q3M-LNKY","09/18/2015 15:43:31"
"83","ETS-2-64","6570242A","","3.3X3.3","83","","","D95379Q3M-LNKY","09/18/2015 17:47:09"
"83","ETS-2-64","6570242A","","3.3X3.3","83","","","D95379Q3M-LNKY","09/18/2015 19:53:09"
"83","ETS-2-64","6570242A","","3.3X3.3","83","","","D95379Q3M-LNKY","09/18/2015 22:01:35"
"83","ETS-2-64","6570242A","","3.3X3.3","83","","","D95379Q3M-LNKY","09/19/2015 00:38:06"
"83","ETS-2-64","6570242A","","3.3X3.3","83","","","D95379Q3M-LNKY","09/19/2015 03:25:51"
"83","ETS-2-64","6570242A","","3.3X3.3","83","","","D95379Q3M-LNKY","09/19/2015 06:35:20"
"83","ETS-2-64","6545193C","setup change","7X7","83","","","AFE032IRGZT-C","09/19/2015 08:36:42"
"84","ETS-2-64","6528944B","","2X2","84","","","603V1RUNR-G2N#","09/17/2015 12:10:59"
"84","ETS-2-64","6528944B","","2X2","84","","","603V1RUNR-G2N#","09/17/2015 15:12:37"
"84","ETS-2-64","6528944B","","2X2","84","","","603V1RUNR-G2N#","09/17/2015 18:13:47"
"84","ETS-2-64","6528944B","","2X2","84","","","603V1RUNR-G2N#","09/17/2015 21:15:11"
"84","ETS-2-64","6528944B","","2X2","84","","","603V1RUNR-G2N#","09/17/2015 22:46:25"
"84","ETS-2-64","6528944B","","2X2","84","","","603V1RUNR-G2N#","09/18/2015 00:10:11"
"84","ETS-2-64","6528944B","","2X2","84","","","603V1RUNR-G2N#","09/18/2015 03:11:18"
"84","ETS-2-64","6528944B","","2X2","84","","","603V1RUNR-G2N#","09/18/2015 06:12:45"
"84","ETS-2-64","6528944B","","2X2","84","","","603V1RUNR-G2N#","09/18/2015 09:13:57"
"84","ETS-2-64","6528944B","","2X2","84","","","603V1RUNR-G2N#","09/18/2015 10:45:12"
"84","ETS-2-64","6528944B","","2X2","84","","","603V1RUNR-G2N#","09/18/2015 13:46:54"
"84","ETS-2-64","6528944B","","2X2","84","","","603V1RUNR-G2N#","09/18/2015 16:47:07"
"84","ETS-2-64","6528944B","","2X2","84","","","603V1RUNR-G2N#","09/18/2015 19:47:36"
"84","ETS-2-64","6528944B","","2X2","84","","","603V1RUNR-G2N#","09/18/2015 22:47:57"
"84","ETS-2-64","6528944B","","2X2","84","","","603V1RUNR-G2N#","09/19/2015 01:49:24"
"84","ETS-2-64","6528944B","","2X2","84","","","603V1RUNR-G2N#","09/19/2015 03:20:15"
"84","ETS-2-64","6528944B","","2X2","84","","","603V1RUNR-G2N#","09/19/2015 04:50:53"
"84","ETS-2-64","6528944B","","2X2","84","","","603V1RUNR-G2N#","09/19/2015 07:52:22"
"85","ETS-2-64","6525585A","","4X4","85","","","BQ24195RGER-RY","09/17/2015 11:21:50"
"85","ETS-2-64","6525585A","","4X4","85","","","BQ24196RGER-RY","09/17/2015 15:58:24"
"85","ETS-2-64","6525585A","","4X4","85","","","BQ24196RGER-RY","09/17/2015 17:57:43"
"85","ETS-2-64","6525585A","","4X4","85","","","BQ24196RGER-RY","09/17/2015 21:55:27"
"85","ETS-2-64","6525585A","","4X4","85","","","BQ24196RGER-RY","09/17/2015 23:44:50"
"85","ETS-2-64","6525585A","","4X4","85","","","BQ24196RGER-RY","09/18/2015 02:10:04"
"85","ETS-2-64","6525585A","","4X4","85","","","BQ24196RGER-RY","09/18/2015 06:05:27"
"85","ETS-2-64","6525585A","","4X4","85","","","BQ24196RGER-RY","09/18/2015 10:02:33"
"85","ETS-2-64","6525585A","","4X4","85","","","BQ24196RGER-RY","09/18/2015 13:59:40"
"85","ETS-2-64","6525585A","","4X4","85","","","BQ24196RGER-RY","09/18/2015 17:57:34"
"85","ETS-2-64","6525585A","","4X4","85","","","BQ24196RGER-RY","09/18/2015 21:55:01"
"85","ETS-2-64","6525585A","","4X4","85","","","BQ24196RGER-RY","09/19/2015 01:52:46"
"85","ETS-2-64","6525585A","","4X4","85","","","BQ24196RGER-RY","09/19/2015 05:48:21"
"85","ETS-2-64","6525585A","","4X4","85","","","4296RGER-G2QR#","09/19/2015 09:01:38"
"86","ETS-2-64","6525585A","","4X4","86","","","BQ24196RGER-RY","09/17/2015 16:40:00"
"86","ETS-2-64","6525585A","","4X4","86","","","BQ24196RGER-RY","09/17/2015 17:59:56"
"86","ETS-2-64","6525585A","","4X4","86","","","BQ24196RGER-RY","09/17/2015 19:58:57"
"86","ETS-2-64","6525585A","","4X4","86","","","BQ24196RGER-RY","09/17/2015 21:58:19"
"86","ETS-2-64","6525585A","","4X4","86","","","BQ24196RGER-RY","09/18/2015 01:35:46"
"86","ETS-2-64","6525585A","","4X4","86","","","BQ24196RGER-RY","09/18/2015 05:17:04"
"86","ETS-2-64","6525585A","","4X4","86","","","BQ24196RGER-RY","09/18/2015 07:34:25"
"86","ETS-2-64","6525585A","","4X4","86","","","BQ24196RGER-RY","09/18/2015 11:31:54"
"86","ETS-2-64","6525585A","","4X4","86","","","Q24296MRGER-G2","09/18/2015 15:14:01"
"86","ETS-2-64","6525585A","","4X4","86","","","BQ24196RGER-RY","09/18/2015 20:03:42"
"86","ETS-2-64","6525585A","","4X4","86","","","BQ24196RGER-RY","09/19/2015 04:06:02"
"86","ETS-2-64","6525585A","","4X4","86","","","BQ24196RGER-RY","09/19/2015 08:03:40"
"87","ETM-4-64","6546767B","","4X4","87","","","CD3211A1RGPR-L","09/17/2015 13:28:43"
"87","ETM-4-64","6546767B","","4X4","87","","","CD3211A1RGPR-L","09/17/2015 16:41:12"
"87","ETM-4-64","6546767B","","4X4","87","","","CD3211A1RGPR-L","09/17/2015 20:43:55"
"87","ETM-4-64","6546767B","","4X4","87","","","CD3211A1RGPR-L","09/18/2015 01:06:42"
"87","ETM-4-64","6546767B","","4X4","87","","","CD3211A1RGPR-L","09/18/2015 05:09:08"
"87","ETM-4-64","6546767B","","4X4","87","","","CD3211A1RGPR-L","09/18/2015 08:21:42"
"87","ETM-4-64","6546767B","","4X4","87","","","CD3211A1RGPR-L","09/18/2015 12:53:54"
"87","ETM-4-64","6546767B","","4X4","87","","","CD3211A1RGPR-L","09/18/2015 16:05:45"
"87","ETM-4-64","6546767B","","4X4","87","","","CD3211A1RGPR-L","09/18/2015 17:26:13"
"87","ETM-4-64","6546767B","","4X4","87","","","CD3211A1RGPR-L","09/18/2015 18:46:32"
"87","ETM-4-64","6546767B","","4X4","87","","","CD3211A1RGPR-L","09/18/2015 20:07:05"
"87","ETM-4-64","6546767B","","4X4","87","","","CD3211A1RGPR-L","09/18/2015 21:25:31"
"87","ETM-4-64","6546767B","","4X4","87","","","CD3211A1RGPR-L","09/18/2015 22:45:58"
"87","ETM-4-64","6546767B","","4X4","87","","","CD3211A1RGPR-L","09/18/2015 23:26:44"
"87","ETM-4-64","6546767B","","4X4","87","","","CD3211A1RGPR-L","09/19/2015 00:47:17"
"87","ETM-4-64","6546767B","","4X4","87","","","CD3211A1RGPR-L","09/19/2015 02:07:50"
"87","ETM-4-64","6546767B","","4X4","87","","","CD3211A1RGPR-L","09/19/2015 03:28:23"
"87","ETM-4-64","6546767B","","4X4","87","","","CD3211A1RGPR-L","09/19/2015 04:48:50"
"87","ETM-4-64","6546767B","","4X4","87","","","CD3211A1RGPR-L","09/19/2015 06:09:17"
"87","ETM-4-64","6546767B","","4X4","87","","","CD3211A1RGPR-L","09/19/2015 07:29:48"
"87","ETM-4-64","6546767B","","4X4","87","","","CD3211A1RGPR-L","09/19/2015 08:50:21"
"88","ETS-2-64","6541533C","","4X4","88","","","S51624RSMR-G2K","09/17/2015 17:33:00"
"88","ETS-2-64","6541533C","","4X4","88","","","S51624RSMR-G2K","09/17/2015 22:30:43"
"88","ETS-2-64","6541533C","","4X4","88","","","S51624RSMR-G2K","09/18/2015 03:28:49"
"88","ETS-2-64","6541533C","","4X4","88","","","S51624RSMR-G2K","09/18/2015 06:39:51"
"88","ETS-2-64","6541533C","","4X4","88","","","S51624RSMR-G2K","09/18/2015 11:37:24"
"88","ETS-2-64","6541533C","","4X4","88","","","S51624RSMR-G2K","09/18/2015 16:35:30"
"88","ETS-2-64","6541533C","","4X4","88","","","S51624RSMR-G2K","09/18/2015 21:33:15"
"88","ETS-2-64","6541533C","","4X4","88","","","S51624RSMR-G2K","09/19/2015 02:31:25"
"88","ETS-2-64","6541533C","","4X4","88","","","S51624RSMR-G2K","09/19/2015 07:28:34"
"89","ETM-5-128","No_Tooling","","6X6","89","","","202027ARSLR-G2","09/17/2015 11:37:13"
"89","ETM-5-128","No_Tooling","","6X6","89","","","202027ARSLR-G2","09/17/2015 13:28:23"
"89","ETM-5-128","No_Tooling","","6X6","89","","","202027CRSLR-G2","09/17/2015 17:37:15"
"89","ETM-5-128","No_Tooling","","6X6","89","","","202027CRSLR-G2","09/17/2015 21:45:06"
"89","ETM-5-128","No_Tooling","","6X6","89","","","202027CRSLR-G2","09/18/2015 01:54:42"
"89","ETM-5-128","No_Tooling","","6X6","89","","","202027CRSLR-G2","09/18/2015 06:04:31"
"89","ETM-5-128","No_Tooling","","6X6","89","","","202027CRSLR-G2","09/18/2015 10:13:29"
"89","ETM-5-128","No_Tooling","","6X6","89","","","202027CRSLR-G2","09/18/2015 14:23:07"
"89","ETM-5-128","No_Tooling","","6X6","89","","","202027CRSLR-G2","09/18/2015 18:21:26"
"89","ETM-5-128","No_Tooling","","6X6","89","","","202027CRSLR-G2","09/18/2015 21:37:15"
"89","ETM-5-128","No_Tooling","","6X6","89","","","202027CRSLR-G2","09/19/2015 01:46:13"
"89","ETM-5-128","No_Tooling","","6X6","89","","","202027LRSLR-G2","09/19/2015 05:54:54"
"89","ETM-5-128","6529675B","setup change","4X4","89","","","A3221AIRGVR-ZK","09/19/2015 07:34:13"
"90","ETM-4-64","6518742B","","4X4","90","","","Q24166RGER-G2Y","09/17/2015 14:45:54"
"90","ETM-4-64","6518742B","","4X4","90","","","Q24166RGER-G2Y","09/17/2015 18:01:40"
"90","ETM-4-64","6518742B","","4X4","90","","","Q24166RGET-G2Y","09/17/2015 20:42:50"
"90","ETM-4-64","6518742B","","4X4","90","","","Q24272RGER-G2Y","09/18/2015 00:02:21"
"90","ETM-4-64","6460534B","setup change","3X3","90","","","A2006D1DRBR-RK","09/18/2015 03:57:56"
"90","ETM-4-64","6460534B","","3X3","90","","","A2006D1DRBR-RK","09/18/2015 08:07:48"
"90","ETM-4-64","6460534B","","3X3","90","","","A2006D1DRBR-RK","09/18/2015 12:20:04"
"90","ETM-4-64","6460534B","","3X3","90","","","A2006D1DRBR-RK","09/18/2015 21:32:09"
"90","ETM-4-64","6548880A","setup change","3X4","90","","","771808DPJR-G2K","09/19/2015 00:30:51"
"90","ETM-4-64","6548880A","","3X4","90","","","771803DPJR-G2K","09/19/2015 02:58:11"
"90","ETM-4-64","6473092B","setup change","3X3","90","","","PS40041DRBR-B","09/19/2015 05:47:30"
"90","ETM-4-64","6560309A","setup change","4X4","90","","","BQ24266RGER1-8","09/19/2015 09:28:02"
"91","ETS-S-64","No_Tooling","","3X3","","","","A2314AIDRBR-CK","09/17/2015 20:32:02"
"91","ETS-S-64","No_Tooling","","3X3","","","","A2314AIDRBR-CK","09/18/2015 07:34:05"
"91","ETS-S-64","No_Tooling","","3X3","","","","A2314AIDRBR-CK","09/18/2015 18:38:21"
"91","ETS-S-64","6528989B","setup change","5X5","","","","PS7A4701RGWR-R","09/18/2015 20:18:14"
"91","ETS-S-64","6528989B","","5X5","","","","PS7A4701RGWT-R","09/18/2015 23:33:07"
"91","ETS-S-64","6556617A","setup change","5X2.5","","","","CSD87588N-NS2","09/19/2015 00:07:08"
"91","ETS-S-64","6515889A","setup change","3X3","","","","A2313IDRGR1-CK","09/19/2015 01:49:27"
"91","ETS-S-64","6515889A","","3X3","","","","A2313IDRGR1-CK","09/19/2015 04:17:54"
"91","ETS-S-64","6487925B","setup change","3.5X3.5","","","","TPS54622RHLR-L","09/19/2015 09:27:19"
"92","ETM-5-128","6579768C","","4X4","92","","","BQ25892RTWR-G2","09/17/2015 12:25:02"
"92","ETM-5-128","6579768C","","4X4","92","","","BQ25892RTWR-G2","09/17/2015 15:21:53"
"92","ETM-5-128","6579768C","","4X4","92","","","BQ25892RTWR-G2","09/17/2015 18:18:44"
"92","ETM-5-128","6579768C","","4X4","92","","","BQ25892RTWR-G2","09/17/2015 21:15:35"
"92","ETM-5-128","6579768C","","4X4","92","","","BQ25892RTWR-G2","09/18/2015 00:12:25"
"92","ETM-5-128","6579768C","","4X4","92","","","BQ25892RTWR-G2","09/18/2015 03:09:18"
"92","ETM-5-128","6579768C","","4X4","92","","","BQ25892RTWR-G2","09/18/2015 06:06:09"
"92","ETM-5-128","6579768C","","4X4","92","","","BQ25892RTWR-G2","09/18/2015 09:03:01"
"92","ETM-5-128","6579768C","","4X4","92","","","BQ25892RTWR-G2","09/18/2015 11:59:54"
"92","ETM-5-128","6579768C","","4X4","92","","","BQ25892RTWR-G2","09/18/2015 14:56:44"
"92","ETM-5-128","6579768C","","4X4","92","","","BQ25892RTWR-G2","09/18/2015 17:53:35"
"92","ETM-5-128","6579768C","","4X4","92","","","BQ25892RTWR-G2","09/18/2015 20:50:23"
"92","ETM-5-128","6579768C","","4X4","92","","","BQ25892RTWR-G2","09/18/2015 23:47:15"
"92","ETM-5-128","6579768C","","4X4","92","","","BQ25892RTWR-G2","09/19/2015 02:44:07"
"92","ETM-5-128","6579768C","","4X4","92","","","BQ25892RTWR-G2","09/19/2015 05:40:56"
"92","ETM-5-128","6579768C","","4X4","92","","","BQ25892RTWR-G2","09/19/2015 08:37:43"
"95","ETS-4M-128","6570316D","","2X2","","","","NA300AIDSQR-CK","09/17/2015 15:04:55"
"95","ETS-4M-128","6570316D","","2X2","","","","NA300AIDSQR-CK","09/17/2015 20:41:00"
"95","ETS-4M-128","6570316D","","2X2","","","","NA300AIDSQR-CK","09/18/2015 02:13:16"
"95","ETS-4M-128","6570316D","","2X2","","","","NA300AIDSQR-CK","09/18/2015 05:02:09"
"95","ETS-4M-128","6570316D","","2X2","","","","NA300AIDSQR-CK","09/18/2015 10:38:28"
"95","ETS-4M-128","6570316D","","2X2","","","","NA300AIDSQR-CK","09/18/2015 15:36:01"
"95","ETS-4M-128","6570316D","","2X2","","","","NA300AIDSQR-CK","09/18/2015 21:12:42"
"95","ETS-4M-128","6572424A","setup change","5X5","","","","PS65263RHBT-G2","09/18/2015 23:00:57"
"95","ETS-4M-128","6572424A","","5X5","","","","PS65263RHBT-G2","09/19/2015 01:09:23"
"95","ETS-4M-128","6576907B","setup change","2X2","","","","BQ24311DSGR-G2","09/19/2015 04:03:50"
"95","ETS-4M-128","6526570D","setup change","6X6","","","","AC7760IRHAR-CK","09/19/2015 07:37:37"
"97","ETM-2-64","6566885A","","3.5X3.5","","","","S62736RGYR-G2K","09/17/2015 10:09:31"
"97","ETM-2-64","6566885A","","3.5X3.5","","","","S62736RGYR-G2K","09/17/2015 10:50:50"
"97","ETM-2-64","6566885A","","3.5X3.5","","","","S62736RGYR-G2K","09/17/2015 16:53:45"
"97","ETM-2-64","6566885A","","3.5X3.5","","","","S62736RGYR-G2K","09/17/2015 22:53:16"
"97","ETM-2-64","6566885A","","3.5X3.5","","","","S62736RGYR-G2K","09/18/2015 05:04:05"
"97","ETM-2-64","6566885A","","3.5X3.5","","","","S62736RGYR-G2K","09/18/2015 11:16:10"
"97","ETM-2-64","6566885A","","3.5X3.5","","","","S62736RGYR-G2K","09/18/2015 17:27:12"
"97","ETM-2-64","6566885A","","3.5X3.5","","","","S62736RGYR-G2K","09/18/2015 23:37:49"
"97","ETM-2-64","6566885A","","3.5X3.5","","","","S62736RGYR-G2K","09/19/2015 05:20:46"
"97","ETM-2-64","6579742C","setup change","4X4","","","","V425RTJT1-UCR&","09/19/2015 09:12:00"
"98","ETM-2-64","6566885A","","3.5X3.5","","","","S62736RGYR-G2K","09/17/2015 21:29:04"
"98","ETM-2-64","6566885A","","3.5X3.5","","","","S62736RGYR-G2K","09/18/2015 08:11:20"
"98","ETM-2-64","6566885A","","3.5X3.5","","","","S62736RGYR-G2K","09/18/2015 14:14:21"
"98","ETM-2-64","6524788B","setup change","2X2","","","","94522DRVR1-G2K","09/18/2015 17:32:58"
"98","ETM-2-64","6524788B","","2X2","","","","94522DRVR1-G2K","09/18/2015 20:46:41"
"98","ETM-2-64","6524788B","","2X2","","","","94522DRVR1-G2K","09/19/2015 07:57:46"
"99","ETS-2-64","6545253A","","3.5X3.5","","","","SN2833RGRR-G2K","09/17/2015 15:31:38"
"99","ETS-2-64","6545253A","","3.5X3.5","","","","SN2833RGRR-G2K","09/17/2015 21:30:58"
"99","ETS-2-64","6545253A","","3.5X3.5","","","","SN2833RGRR-G2K","09/18/2015 01:30:21"
"99","ETS-2-64","6545253A","","3.5X3.5","","","","SN2833RGRR-G2K","09/18/2015 07:34:20"
"99","ETS-2-64","6545253A","","3.5X3.5","","","","SN2833RGRR-G2K","09/18/2015 10:17:44"
"99","ETS-2-64","6545253A","","3.5X3.5","","","","SN2833RGRR-G2K","09/18/2015 16:19:50"
"99","ETS-2-64","6553054A","setup change","3X3","","","","1312DRCR1-G2KY","09/18/2015 18:07:00"
"99","ETS-2-64","6553054A","","3X3","","","","1312DRCR1-G2KY","09/18/2015 20:07:20"
"99","ETS-2-64","6553054A","","3X3","","","","1312DRCR1-G2KY","09/19/2015 01:40:03"
"99","ETS-2-64","6496545A","setup change","7X5","","","","51315RGFR-LS2Y","09/19/2015 04:29:45"
"99","ETS-2-64","6496545A","","7X5","","","","51315RGFT-LS2Y","09/19/2015 05:45:21"
"99","ETS-2-64","6496545A","","7X5","","","","51315RGFR-LS2Y","09/19/2015 07:52:15"
"A2","ETS-1-64","6516230D","","3X3","","","","S51200DRCR-G2Y","09/17/2015 23:00:44"
"A2","ETS-1-64","6516230D","","3X3","","","","S51200DRCR-G2Y","09/18/2015 12:31:18"
"A2","ETS-1-64","6516230D","","3X3","","","","S51200DRCR-G2Y","09/19/2015 02:04:59"
"A2","ETS-1-64","6506370A","setup change","2X2","","","","S62067DSGR1-G2","09/19/2015 03:49:11"
"A2","ETS-1-64","6505771B","setup change","3X3","","","","TPS2557DRBR3-R","09/19/2015 09:26:07"
"A3","ETS-0-64","6506370A","","2.5X2.5","","","","PS61093DSKR-CK","09/17/2015 17:30:36"
"A3","ETS-0-64","6506370A","","2.5X2.5","","","","PS61093DSKR-CK","09/18/2015 01:06:24"
"A3","ETS-0-64","6506370A","","2.5X2.5","","","","PS61093DSKR-CK","09/18/2015 01:23:56"
"A3","ETS-0-64","6506370A","","2.5X2.5","","","","S61093DSKR-G2K","09/18/2015 03:04:15"
"A3","ETS-0-64","6506370A","","2.5X2.5","","","","S61093DSKR-G2K","09/18/2015 04:44:34"
"A3","ETS-0-64","6506370A","","2.5X2.5","","","","S61093DSKR-G2K","09/18/2015 06:24:53"
"A3","ETS-0-64","6506370A","","2.5X2.5","","","","S61093DSKR-G2K","09/18/2015 07:21:49"
"A3","ETS-0-64","6506370A","","2.5X2.5","","","","S61093DSKR-G2K","09/18/2015 09:02:08"
"A3","ETS-0-64","6506370A","","2.5X2.5","","","","S61093DSKR-G2K","09/18/2015 21:04:37"
"A3","ETS-0-64","6506370A","","2.5X2.5","","","","S61093DSKT-G2K","09/19/2015 01:05:08"
"A3","ETS-0-64","6506370A","","2.5X2.5","","","","S61093DSKT-G2K","09/19/2015 08:32:52"
"A4","ETS-1-64","6516230D","","3X3","","","","S51200DRCR-G2Y","09/17/2015 23:01:25"
"A4","ETS-1-64","6516230D","","3X3","","","","S51200DRCR-G2Y","09/18/2015 12:34:05"
"A4","ETS-1-64","6516230D","","3X3","","","","S51200DRCR-G2Y","09/19/2015 02:05:14"
"A4","ETS-1-64","6491333A","setup change","4X4","","","","TPS2231RGPR-B","09/19/2015 03:03:58"
"A4","ETS-1-64","6491333A","","4X4","","","","TPS2231RGPR-B","09/19/2015 04:25:20"
"A4","ETS-1-64","6519267C","setup change","7X7","","","","FE030AIRGZR-CK","09/19/2015 06:17:47"
"A4","ETS-1-64","6519267C","","7X7","","","","AFE031AIRGZR-C","09/19/2015 08:06:15"
"A5","ETS-0-64","6504342B","","4X4","","","","BQ24616RGER-LK","09/17/2015 13:47:31"
"A5","ETS-0-64","6504342B","","4X4","","","","BQ24616RGER-LK","09/17/2015 16:16:48"
"A5","ETS-0-64","6504342B","","4X4","","","","BQ24616RGER-LK","09/17/2015 19:35:04"
"A5","ETS-0-64","6504342B","","4X4","","","","Q24610RGER-G2K","09/18/2015 00:09:14"
"A5","ETS-0-64","6504342B","","4X4","","","","Q24610RGER-G2K","09/18/2015 04:42:48"
"A5","ETS-0-64","6504342B","","4X4","","","","Q24610RGER-G2K","09/18/2015 09:16:20"
"A5","ETS-0-64","6504342B","","4X4","","","","Q24610RGER-G2K","09/18/2015 13:01:05"
"A5","ETS-0-64","6504342B","","4X4","","","","Q24610RGER-G2K","09/18/2015 17:35:44"
"A5","ETS-0-64","6504342B","","4X4","","","","Q24610RGER-G2K","09/18/2015 22:09:58"
"A5","ETS-0-64","6504342B","","4X4","","","","Q24610RGER-G2K","09/19/2015 00:27:22"
"A5","ETS-0-64","6504342B","","4X4","","","","Q24617RGER-G2K","09/19/2015 02:51:59"
"A5","ETS-0-64","6504342B","","4X4","","","","Q24617RGER-G2K","09/19/2015 05:16:10"
"A5","ETS-0-64","6553821A","setup change","5.5X3.5","","","","122QRHLRQ1-BS2","09/19/2015 09:05:14"
"A6","ETS-2-64","6568521A","","5X5","","","","PS65261RHBR-G2","09/17/2015 15:49:16"
"A6","ETS-2-64","6568521A","","5X5","","","","PS65261RHBR-G2","09/17/2015 22:10:00"
"A6","ETS-2-64","6568521A","","5X5","","","","PS65261RHBR-G2","09/18/2015 04:30:08"
"A6","ETS-2-64","6568521A","","5X5","","","","PS65261RHBR-G2","09/18/2015 05:38:32"
"A6","ETS-2-64","6568521A","","5X5","","","","PS65261RHBR-G2","09/18/2015 07:53:19"
"A6","ETS-2-64","6568521A","","5X5","","","","PS65261RHBR-G2","09/18/2015 09:18:21"
"A6","ETS-2-64","6568521A","","5X5","","","","PS65261RHBR-G2","09/18/2015 11:34:16"
"A6","ETS-2-64","6568521A","","5X5","","","","S652611RHBR-G2","09/18/2015 13:51:14"
"A6","ETS-2-64","6568521A","","5X5","","","","S652611RHBR-G2","09/18/2015 15:16:45"
"A6","ETS-2-64","6568521A","","5X5","","","","S652611RHBR-G2","09/18/2015 16:25:23"
"A6","ETS-2-64","6575258A","setup change","4X4","","","","S65283RGER-G2Y","09/18/2015 21:13:06"
"A6","ETS-2-64","6575258A","","4X4","","","","S65283RGER-G2Y","09/19/2015 01:53:39"
"A6","ETS-2-64","6575258A","","4X4","","","","S65283RGER-G2Y","09/19/2015 06:36:24"
"A6","ETS-2-64","6522167C","setup change","6X5","","","","PS53319DQPR-LN","09/19/2015 09:27:21"
"A7","ETS-2-128","6530035A","","3X3","","","","1211DSCR1-G2YK","09/17/2015 20:32:37"
"A7","ETS-2-128","6530035A","","3X3","","","","1211DSCR1-G2YK","09/18/2015 07:36:52"
"A7","ETS-2-128","6530035A","","3X3","","","","1211DSCR1-G2YK","09/18/2015 18:41:17"
"A7","ETS-2-128","6530035A","","3X3","","","","1211DSCR1-G2YK","09/19/2015 05:45:38"
"A7","ETS-2-128","6528917B","setup change","7X5","","","","44C20RVFT1-LN#","09/19/2015 08:42:01"
"A9","ETS-0-64","6484140A","","3X3","","","","24075TRGTR-G2Y","09/17/2015 16:15:34"
"A9","ETS-0-64","6484140A","","3X3","","","","24075TRGTR-G2Y","09/18/2015 00:04:46"
"A9","ETS-0-64","6484140A","","3X3","","","","24075TRGTR-G2Y","09/18/2015 04:02:37"
"A9","ETS-0-64","6484140A","","3X3","","","","24075TRGTR-G2Y","09/18/2015 06:23:45"
"A9","ETS-0-64","6484140A","","3X3","","","","24075TRGTR-G2Y","09/18/2015 10:10:24"
"A9","ETS-0-64","6484140A","","3X3","","","","24075TRGTR-G2Y","09/18/2015 14:53:16"
"A9","ETS-0-64","6484140A","","3X3","","","","24075TRGTR-G2Y","09/18/2015 19:35:25"
"A9","ETS-0-64","6484140A","","3X3","","","","Q24072TRGTR-G2","09/18/2015 21:37:27"
"A9","ETS-0-64","6484140A","","3X3","","","","Q24075RGTR-G2Y","09/19/2015 04:23:55"
"A9","ETS-0-64","6468723B","setup change","3X3","","","","S61020DRCR1-RY","09/19/2015 06:46:33"
